story_section,event_summaries,questions,answers,attributes
""" eating is hard work in this country , "" said the merchant . "" how is it the folk here have no cats ? "" "" cats ? "" said the people : they did not know what they were . then the merchant had the cat that he had bought for the scullion brought , and when the cat went over the table , the mice had to hurry into their holes , and not in the memory of man had the people been able to eat in such comfort . then they begged and implored the merchant to sell them his cat . at last he said he would let them have her ; but he wanted a hundred dollars for her , and this they paid , and thanked him kindly into the bargain .","['The merchant noticed that eating was hard work in the country because there were no cats.', 'The people did not know what cats were until the merchant brought his cat.', 'The presence of the cat allowed the people to eat in comfort as the mice hurried into their holes.', 'The people begged the merchant to sell them his cat, and he agreed for a price of a hundred dollars.']","['Why did the merchant find eating hard work in the country?', 'What did the merchant do that helped the people learn about cats?', 'Why were the people able to eat in comfort?', 'What did the people do to the merchant regarding his cat?']","['Because there were no cats.', 'The merchant brought his cat.', 'The presence of the cat allowed the people to eat in comfort as the mice hurried into their holes.', 'The people begged the merchant to sell them his cat.']","['causal relationship', 'action', 'causal relationship', 'action']"
""" for heaven 's sake , are you back again ? "" asked his wife . "" yes , there was no one there who paid any attention to me , or even so much as looked at me , "" said the man , "" and when people show me so little consideration , it seems as though i have nothing to look for there . "" "" but where are you ? i can hear you , but i can not see you ! "" cried his wife .","[""The man's wife expressed surprise at his return."", 'The man felt ignored and unappreciated by others, leading him to leave.', 'The wife could hear her husband but could not see him.']","[""What action did the man's wife take when he returned?"", 'What caused the man to leave?', 'What could the wife do regarding her husband?']","[""The man's wife expressed surprise at his return."", 'The man felt ignored and unappreciated by others.', 'The wife could hear her husband.']","['action', 'causal relationship', 'action']"
""" for whom hast thou purchased that ? "" he asked , hoping to hear that it was intended for him . "" tis a christmas gift for thy brother paul , "" answered his mother , and she would have gone on to tell him how deadly a thing it was , had he given her time to speak . but her words fanned his fury into madness , for it seemed to him that this hated brother of his was claiming everything . "" everything is for paul ! i am sick of his very name , "" he cried . "" by my troth , he shall not have this ! "" and he snatched the vest from the table . it was in vain that his mother and his aunt threw themselves at his feet , begging him to lay it down , and warning him that there was not a thread in it which was not poisoned . he paid no heed to their words , but rushed from the room , and , drawing it on , ran downstairs with a reckless laugh , to show the lady morna how fine he was .","['The protagonist was furious to learn that the vest was a Christmas gift for his brother Paul.', 'Despite warnings from his mother and aunt, he snatched the poisoned vest and put it on.', 'He rushed downstairs with a reckless laugh to show the lady Morna how fine he looked.']","['Why was the protagonist furious?', 'What action did he take despite warnings from his mother and aunt?', 'Why did he rush downstairs with a reckless laugh?']","['The protagonist was furious to learn that the vest was a Christmas gift for his brother Paul.', 'He snatched the poisoned vest and put it on.', 'He rushed downstairs with a reckless laugh to show the lady Morna how fine he looked.']","['causal relationship', 'action', 'causal relationship']"
""" god be praised for good company ! that was just what i needed . yes , it is true , as i have always said , that i was born under a lucky star , "" thought andrew to himself ; perhaps he said so too , for occasionally he really had to talk a little . so he lived through the fall . once he saw a boat , and hung a rag on a pole and waved with it ; but that very moment the sail dropped , and the crew took to the oars and rowed away at top speed , for they thought the meer - trolls were making signs and waving .","['Andrew felt grateful for good company and thought he was born under a lucky star.', 'Andrew waved a rag on a pole to signal a boat, but the crew mistook it for a sign from meer-trolls and rowed away quickly.']","['How did Andrew feel about his company and his luck?', 'What happened as a result of Andrew waving a rag on a pole?']","['Andrew felt grateful for good company and thought he was born under a lucky star.', 'The crew mistook it for a sign from meer-trolls and rowed away quickly.']","['feeling', 'outcome resolution']"
""" hark , lucky andrew , do you know there will be a storm to - night ? "" said john nicholas , and looked out across the sea . "" i think it would be best if we stayed here until morning ! "" "" there 'll be no storm , "" said andrew . "" the seven sisters have not put on their fog - caps , so you may be quite at rest . ""","['John Nicholas warned Andrew about a potential storm coming that night.', 'Andrew reassured John Nicholas that there would be no storm because the seven sisters had not put on their fog-caps.']","['What did John Nicholas do regarding the potential storm?', 'Why did Andrew reassure John Nicholas that there would be no storm?']","['John Nicholas warned Andrew about a potential storm coming that night.', 'Because the seven sisters had not put on their fog-caps.']","['action', 'causal relationship']"
""" if there be one thing i am fond of , it is a glass of ale and a well - toasted cake , "" he cried . "" so come inside here , and welcome to you . "" but as soon as the little bannock heard of the ale , it turned and ran out of the smithy as fast as it could , and the disappointed smith picked up his hammer and ran after it . and when he saw that he could not catch it , he flung his heavy hammer at it , in the hope of knocking it down , but , luckily for the little cake , he missed his aim . after this the bannock came to a farmhouse , with a great stack of peats standing at the back of it . in it went , and ran to the fireside . in this house the master had all the lint spread out on the floor , and was cloving it with an iron rod , while the mistress was heckling what he had already cloven .","['The smith invited the little bannock inside for ale and a well-toasted cake.', 'The little bannock ran away from the smith when it heard about the ale.', 'The smith threw his hammer at the bannock but missed.', 'The bannock entered a farmhouse and ran to the fireside.']","['What did the smith do for the little bannock?', 'What did the little bannock do when it heard about the ale?', 'What did the smith throw at the bannock?', 'What action did the bannock take when it entered the farmhouse?']","['The smith invited the little bannock inside for ale and a well-toasted cake.', 'The little bannock ran away from the smith.', 'The smith threw his hammer at the bannock.', 'The bannock entered a farmhouse and ran to the fireside.']","['action', 'action', 'action', 'action']"
""" let us hold our peace till after yule , "" she pleaded . "" it will be a joy to keep our secret to ourselves for a little space ; there will be time enough then to let all the world know . "" rather reluctantly , earl paul agreed ; and next day he set off for the palace at orphir , leaving his lady - love behind him . little he guessed the danger he was in ! for , all unknown to him , his step - aunt , countess fraukirk , had chanced to be in the hall , the evening before , hidden behind a curtain , and she had overheard every word that morna and he had spoken , and her heart was filled with black rage . for she was a hard , ambitious woman , and she had always hated the young earl , who was no blood - relation to her , and who stood in the way of his brother , her own nephew ; for , if paul were only dead , harold would be the sole earl of orkney . and now that he had stolen the heart of the lady morna , whom her own nephew loved , her hate and anger knew no bounds . she had hastened off to her sister 's chamber as soon as the lovers had parted ; and there the two women had remained talking together till the chilly dawn broke in the sky .","['Earl Paul reluctantly agreed to keep their secret until after Yule.', 'Countess Fraukirk overheard the conversation between Morna and Earl Paul and was filled with rage.', 'Countess Fraukirk hated Earl Paul because he stood in the way of her nephew Harold becoming the sole earl of Orkney.']","['What action did Earl Paul take regarding the secret?', 'What emotion did Countess Fraukirk feel after overhearing the conversation between Morna and Earl Paul?', 'Why did Countess Fraukirk hate Earl Paul?']","['Earl Paul reluctantly agreed to keep their secret until after Yule.', 'Countess Fraukirk was filled with rage.', 'Countess Fraukirk hated Earl Paul because he stood in the way of her nephew Harold becoming the sole earl of Orkney.']","['action', 'character', 'causal relationship']"
""" madam , "" she said , with a sob in her voice , "" i bid you welcome to the house of kittlerumpit , although you find its mistress one of the most unfortunate women in the world . "" "" hout - tout , "" answered the old lady , in such a harsh voice that the young woman started , and grasped her baby tighter in her arms . "" ye have little need to say that . ye have lost your husband , i grant ye , but there were waur losses at shirra - muir . and now your pig is like to die -- i could , maybe , remedy that . but i must first hear how much ye wad gie me if i cured him . "" "" anything that your ladyship 's madam likes to ask , "" replied the widow , too much delighted at having the animal 's life saved to think that she was making rather a rash promise . "" very good , "" said the old dame , and without wasting any more words she walked straight into the pig - sty .","['The young woman welcomed the old lady to her house, expressing her misfortune.', 'The old lady harshly reminded the young woman that there were worse losses than her husband.', 'The widow promised to give anything the old lady asked if she could save her pig.']","['What action did the young woman take when the old lady arrived at her house?', 'What did the old lady do to the young woman?', 'What did the widow promise to give the old lady?']","['The young woman welcomed the old lady to her house.', 'The old lady harshly reminded the young woman that there were worse losses than her husband.', 'The widow promised to give anything the old lady asked.']","['action', 'action', 'action']"
""" now you must go to the castle , and let the trolls whip you one night through for each one of us , "" said she , "" and if you can hold out , you will have delivered us . "" "" yes , "" said the youth , he could manage that . "" when you go in , "" added the princess , "" you will find two lions standing by the door ; but if you pass directly between them , they will do you no harm . go on into a dark little room and lie down , and then the troll will come and beat you ; but after that you must take the bottle that hangs on the wall , and anoint yourself where he has beaten you , and you will be whole again . and take the sword that hangs beside the bottle , and kill the troll with it . "" he did as the princess had told him , passed between the lions as though he did not see them , and right into the little room , where he lay down . the first night a troll with three heads and three whips came , and beat the youth badly ; but he held out , and when the troll had finished , he took the bottle and anointed himself , grasped the sword and killed the troll . when he came out in the morning the princesses were out of the ground up to their waists . the next night it was the same ; but the troll who came this time had six heads and six whips , and beat him worse than the first one .","['The princess instructed the youth to go to the castle and endure a whipping from the trolls for each of them.', 'The youth was told to pass between two lions at the castle door without harm.', 'The youth was to anoint himself with a special bottle after being beaten by the trolls to heal himself.', 'The youth successfully killed the first troll with three heads after enduring the beating.', 'The next night, the youth faced a troll with six heads and six whips, who beat him worse than the first.']","['What did the princess instruct the youth to do?', 'What was the youth told to do at the castle door?', 'What action does the youth take to heal himself after being beaten by the trolls?', 'What happened after the youth killed the first troll with three heads?', 'What action did the youth take when he faced the troll?']","['The princess instructed the youth to go to the castle and endure a whipping from the trolls for each of them.', 'The youth was told to pass between two lions at the castle door without harm.', 'The youth was to anoint himself with a special bottle to heal himself.', 'The youth successfully killed the first troll with three heads after enduring the beating.', 'The youth faced a troll with six heads and six whips.']","['action', 'action', 'action', 'outcome resolution', 'action']"
""" of course , i wo n't give you my liver , but come and get it if you can ! "" added the monkey mockingly from the tree . there was nothing for the jelly fish to do now but to repent of his stupidity , and to return to the dragon king of the sea and to confess his failure , so he started sadly and slowly to swim back . the last thing he heard as he glided away , leaving the island behind him , was the monkey laughing at him . meanwhile the dragon king , the doctor , the chief steward , and all the servants were waiting impatiently for the return of the jelly fish . when they caught sight of him approaching the palace , they hailed him with delight . they began to thank him profusely for all the trouble he had taken in going to monkey island , and then they asked him where the monkey was .","[""The monkey mocked the jellyfish by saying he wouldn't give his liver and challenged him to come and get it."", 'The jellyfish felt regret for his stupidity and swam back to the dragon king to confess his failure.', ""The dragon king and his servants were waiting impatiently for the jellyfish's return and hailed him with delight upon seeing him.""]","['What did the monkey do to the jellyfish?', 'What did the jellyfish do after feeling regret for his stupidity?', 'What happened when the jellyfish returned?']","[""The monkey mocked the jellyfish by saying he wouldn't give his liver and challenged him to come and get it."", 'The jellyfish swam back to the dragon king to confess his failure.', 'They hailed him with delight upon seeing him.']","['action', 'action', 'outcome resolution']"
""" oh , janet , "" cried the goodman in surprise , "" here comes in a little bannock . it looks rare and good to eat . i 'll have one half of it . "" "" and i 'll have the other half , "" cried the goodwife . "" hit it over the back with your cloving - stick , sandy , and knock it down . quick , or it will be out at the door again . "" but the bannock played "" jook - about , "" and dodged behind a chair . "" hoot ! "" cried janet contemptuously , for she thought that her husband might easily have hit it , and she threw her heckle at it . but the heckle missed it , just as her husband 's cloving - rod had done , for it played "" jook - about "" again , and flew out of the house .","['The goodman was surprised to see a little bannock that looked good to eat.', 'The goodwife wanted to share the bannock with her husband.', 'The bannock dodged behind a chair to avoid being hit.', 'Janet threw her heckle at the bannock, but it missed and the bannock escaped out of the house.']","['What was the goodman surprised to see?', 'Why did the goodwife want to share the bannock with her husband?', 'Why did the bannock dodge behind a chair?', 'What happened after Janet threw her heckle at the bannock?']","['A little bannock that looked good to eat.', 'The goodwife wanted to share the bannock with her husband because she values their relationship and wants to include him.', 'To avoid being hit.', 'The bannock escaped out of the house.']","['action', 'causal relationship', 'causal relationship', 'outcome resolution']"
""" oh , sweet madam mistress , "" she cried , "" spare me my bairn , and take , and thou wilt , the pig instead . "" "" we have no need of bacon where i come from , "" answered the fairy coldly ; "" so give me the laddie and let me begone -- i have no time to waste in this wise . "" "" oh , dear lady mine , "" pleaded the goodwife , "" if thou wilt not have the pig , wilt thou not spare my poor bairn and take me myself ? "" the fairy stepped back a little , as if in astonishment . "" art thou mad , woman , "" she cried contemptuously , "" that thou proposest such a thing ? who in all the world would care to take a plain - looking , red - eyed , dowdy wife like thee with them ? ""","['The goodwife pleaded with the fairy to spare her child and take the pig instead.', 'The fairy coldly refused the offer of the pig and insisted on taking the child.', 'The goodwife offered herself in place of her child, which astonished the fairy.']","['What did the goodwife do to the fairy?', 'What happens after the fairy coldly refuses the offer of the pig and insists on taking the child?', 'What action did the goodwife take in place of her child?']","['The goodwife pleaded with the fairy to spare her child and take the pig instead.', 'The fairy insists on taking the child.', 'The goodwife offered herself in place of her child.']","['action', 'outcome resolution', 'action']"
""" oh , there will be no difficulty about your getting there , "" said the old man ; "" i can soon make something for you to ride on through the sea . "" "" thank you , "" said the happy hunter , "" i shall be very grateful to you if you will be so kind . "" the old man at once set to work , and soon made a basket and offered it to the happy hunter . he received it with joy , and taking it to the water , mounted it , and prepared to start . he bade good by to the kind old man who had helped him so much , and told him that he would certainly reward him as soon as he found his hook and could return to japan without fear of his brother 's anger . the old man pointed out the direction he must take , and told him how to reach the realm of ryn gu , and watched him ride out to sea on the basket , which resembled a small boat .","['The old man offered to make something for the happy hunter to ride on through the sea.', 'The old man made a basket that resembled a small boat for the happy hunter.', 'The happy hunter thanked the old man and promised to reward him after finding his hook.']","['What did the old man offer to make for the happy hunter?', 'What did the old man make for the happy hunter?', 'What did the happy hunter do after meeting the old man?']","['The old man offered to make something for the happy hunter to ride on through the sea.', 'The old man made a basket that resembled a small boat for the happy hunter.', 'The happy hunter thanked the old man and promised to reward him after finding his hook.']","['action', 'action', 'action']"
""" then what can i do ? "" asked the distressed man . "" you had better go down to ryn gu and tell ryn jin , the dragon king of the sea , what your trouble is and ask him to find the hook for you . i think that would be the best way . "" "" your idea is a splendid one , "" said the happy hunter , "" but i fear i can not get to the sea king 's realm , for i have always heard that it is situated at the bottom of the sea . ""","['The distressed man was advised to go to Ryn Gu and tell Ryn Jin, the dragon king of the sea, about his trouble.', ""The happy hunter expressed concern about reaching the sea king's realm, as he believed it was located at the bottom of the sea.""]","['What was the distressed man advised to do?', ""What action did the happy hunter take regarding the sea king's realm?""]","['The distressed man was advised to go to Ryn Gu and tell Ryn Jin, the dragon king of the sea, about his trouble.', ""The happy hunter expressed concern about reaching the sea king's realm.""]","['action', 'action']"
""" well , "" said the chief steward , "" if you depend on your strength or dexterity you will never catch a monkey . the only way is to play a trick on one ! "" "" how can i play a trick on a monkey ? i do n't know how to do it , "" said the perplexed jelly fish . "" this is what you must do , "" said the wily chief steward . "" when you approach the island of monkeys and meet some of them , you must try to get very friendly with one . tell him that you are a servant of the dragon king , and invite him to come and visit you and see the dragon king 's palace . try and describe to him as vividly as you can the grandeur of the palace and the wonders of the sea so as to arouse his curiosity and make him long to see it all ! "" "" but how am i to get the monkey here ? you know monkeys do n't swim ? "" said the reluctant jelly fish . "" you must carry him on your back . what is the use of your shell if you ca n't do that ! "" said the chief steward . "" wo n't he be very heavy ? "" queried kurage again . "" you must n't mind that , for you are working for the dragon king , "" replied the chief steward . "" i will do my best then , "" said the jelly fish , and he swam away from the palace and started off towards the monkey island . swimming swiftly he reached his destination in a few hours , and landed by a convenient wave upon the shore . on looking round he saw not far away a big pine - tree with drooping branches and on one of those branches was just what he was looking for - a live monkey .","['The chief steward advised the jellyfish to play a trick on the monkey instead of relying on strength or dexterity.', 'The jellyfish was instructed to pretend to be a servant of the dragon king and invite the monkey to visit the palace.', ""The chief steward suggested that the jellyfish carry the monkey on its back to bring him to the dragon king's palace.""]","['What did the chief steward advise the jellyfish to do?', 'What action did the jellyfish take in relation to the dragon king and the monkey?', 'What did the chief steward suggest the jellyfish do?']","['The chief steward advised the jellyfish to play a trick on the monkey instead of relying on strength or dexterity.', 'The jellyfish was instructed to pretend to be a servant of the dragon king and invite the monkey to visit the palace.', ""The chief steward suggested that the jellyfish carry the monkey on its back to bring him to the dragon king's palace.""]","['action', 'action', 'action']"
""" well , "" said the man , "" i will lend you a pair of snowshoes . when you stand in them you will come to my brother , who lives a hundred miles further on . he is the lord of all the fishes in the sea . ask him . but do not forget to turn the snowshoes around again . "" the king thanked him , stepped into the snowshoes , and when he came to the one who was lord of all the fishes in the sea , he turned them around , and they ran back like the others . there he once more asked about whiteland . the man called up his fishes with his horn , but none of them knew anything about it . at last there came an old , old carp , whom he had called with his horn only at the cost of much trouble . when he asked him , he said : "" yes , i know it well , for i was cook there for fully ten years . to - morrow i have to go back again , because our queen , whose king has not come home again , is going to marry some one else . "" "" if such be the case , "" said the man , "" i 'll give you a bit of advice . out there by the wall three brothers have been standing for the last hundred years , fighting with each other about a hat , a cloak and a pair of boots . any one who has these three things can make himself invisible , and wish himself away as far as ever he will . you might say that you would test their possessions , and then decide their quarrel for them . ""","['The man lent the king a pair of snowshoes to reach his brother, the lord of all the fishes in the sea.', 'The king asked the lord of all the fishes about Whiteland, but none of the fishes knew anything about it.', 'An old carp, who had been called with much trouble, revealed that he had been a cook in Whiteland for ten years.', 'The old carp mentioned that the queen of Whiteland was going to marry someone else if her king did not return.']","['What did the man lend to the king?', 'What did the king ask the lord of all the fishes?', 'What was the role of the old carp in Whiteland?', 'What action will the queen of Whiteland take if her king does not return?']","['A pair of snowshoes.', 'The king asked the lord of all the fishes about Whiteland.', 'He had been a cook in Whiteland for ten years.', 'The queen of Whiteland was going to marry someone else if her king did not return.']","['action', 'action', 'character', 'action']"
""" what 's that ? "" said he , "" for the bowl of brose that i had at supper - time was n't very big . "" "" catch it , then , "" answered his wife , "" and i 'll have a bit , too . quick ! quick ! throw your coat over it or it will be away . "" so the goodman threw his coat right on the top of the little bannock , and almost managed to smother it ; but it struggled bravely , and got out , breathless and hot , from under it . then it ran out into the grey light again , for night was beginning to fall , and the goodman ran out after it , without his coat . he chased it and chased it through the stackyard and across a field , and in amongst a fine patch of whins . then he lost it ; and , as he was feeling cold without his coat , he went home .","['The goodman noticed that the bowl of brose he had at supper was not very big.', ""The goodman's wife encouraged him to catch the little bannock so she could have a bit too."", 'The goodman chased the little bannock through the stackyard and across a field before losing it.']","['What did the goodman notice about the bowl of brose he had at supper?', ""Why did the goodman's wife encourage him to catch the little bannock?"", 'What did the goodman do in the stackyard and across a field?']","['The goodman noticed that the bowl of brose he had at supper was not very big.', 'So she could have a bit too.', 'The goodman chased the little bannock through the stackyard and across a field.']","['action', 'causal relationship', 'action']"
""" ye promised me what i liked to ask , and i have asked your son ; and your son i will have , "" she replied , "" so it is useless making such a din about it . but one thing i may tell you , for i know well that the knowledge will not help you . by the laws of fairy - land , i can not take the bairn till the third day after this , and if by that time you have found out my name i can not take him even then . but ye will not be able to find it out , of that i am certain . so i will call back for the boy in three days . "" and with that she disappeared round the back of the pig - sty , and the poor mother fell down in a dead faint beside the stone . all that day , and all the next , she did nothing but sit in her kitchen and cry , and hug her baby tighter in her arms ; but on the day before that on which the fairy said that she was coming back , she felt as if she must get a little breath of fresh air , so she went for a walk in the fir wood behind the house .","['The fairy stated she could not take the child until the third day after her visit.', ""The mother was told that if she discovered the fairy's name by the third day, the fairy could not take the child."", 'The mother fell down in a dead faint after the fairy disappeared.', 'The mother spent the next two days crying and hugging her baby tightly.']","['What did the fairy state about taking the child?', ""What action was the mother told to take regarding the fairy's name?"", 'What happened to the mother after she fell down in a dead faint?', 'What actions did the mother take over the next two days?']","['The fairy stated she could not take the child until the third day after her visit.', ""The mother was told to discover the fairy's name by the third day."", 'The sentence does not provide information about what happened next after the mother fell down in a dead faint.', 'The mother spent the next two days crying and hugging her baby tightly.']","['action', 'action', 'outcome resolution', 'action']"
""" yes , and i 'm sure it is because you have the jacket , poor fellow ! "" said the boy . but when he looked more closely , there was a chest full of bright silver coins under the stone . "" that must be stolen money , "" thought the boy , "" for no one lays money honestly earned under stones in the wood . "" and he took the chest , and carried it down to the pond nearby , and threw in the whole pile of money . but a four - shilling piece was left swimming on the top of the water . "" well , this one is honest , for whatever is honest will float , "" said the boy . and he took the four - shilling piece and the jacket home with him . he told his mother what had happened to him , that the stone had turned around , and that he had found a chest full of silver coins , and had thrown it into the pond because it was stolen money . "" but a four - shilling piece floated , and that i took along , because it was honest , "" said the boy . "" you are a fool , "" said the woman -- for she was as angry as could be--""if nothing were honest save what floats on the water , there would be but little honesty left in the world . and if the money had been stolen ten times over , still you had found it , and charity begins at home . if you had kept the money , we might have passed the rest of our lives in peace and comfort . but you are a dunderhead and will stay a dunderhead , and i wo n't be tormented and burdened with you any longer . now you must get out and earn your own living . ""","['The boy found a chest full of bright silver coins under a stone and thought it must be stolen money.', 'The boy threw the chest of silver coins into the pond, keeping only the four-shilling piece that floated on the water.', ""The boy's mother was angry with him for not keeping the money, arguing that charity begins at home.""]","['What did the boy find under a stone?', 'What did the boy do with the chest of silver coins?', ""Why was the boy's mother angry with him?""]","['The boy found a chest full of bright silver coins under a stone.', 'The boy threw the chest of silver coins into the pond, keeping only the four-shilling piece that floated on the water.', ""The boy's mother was angry with him for not keeping the money, arguing that charity begins at home.""]","['action', 'action', 'causal relationship']"
""" you are hohodemi , the augustness , sometimes called the happy hunter , are you not ? "" asked the old man . "" what are you doing alone in such a place ? "" "" yes , i am he , "" answered the unhappy young man . "" unfortunately , while fishing i lost my brother 's precious fishing hook . i have hunted this shore all over , but alas ! i can not find it , and i am very troubled , for my brother wo n't forgive me till i restore it to him . but who are you ? "" "" my name is shiwozuchino okina , and i live near by on this shore . i am sorry to hear what misfortune has befallen you . you must indeed be anxious . but if i tell you what i think , the hook is nowhere here - it is either at the bottom of the sea or in the body of some fish who has swallowed it , and for this reason , though you spend your whole life in looking for it here , you will never find it . ""","[""Hohodemi, the happy hunter, lost his brother's precious fishing hook while fishing."", 'Shiwozuchino Okina told Hohodemi that the hook is likely at the bottom of the sea or swallowed by a fish.']","[""What happened after Hohodemi lost his brother's precious fishing hook?"", 'What did Shiwozuchino Okina tell Hohodemi about the hook?']","['The sentence does not provide specific details about what happened next after losing the fishing hook.', 'Shiwozuchino Okina told Hohodemi that the hook is likely at the bottom of the sea or swallowed by a fish.']","['outcome resolution', 'action']"
"' ah , you have a gun , ' said the farmer as the young man placed it in a corner . ' that is well , for a deer comes every evening to eat my corn , and i can not catch it . it is fortune that has sent you to me . ' ' i will gladly remain and shoot the deer for you , ' replied the youth , and that night he hid himself and watched till the deer came to the cornfield ; then he lifted his gun to his shoulder and was just going to pull the trigger , when , behold ! instead of a deer , a woman with long black hair was standing there . at this sight his gun almost dropped from his hand in surprise , but as he looked , there was the deer eating the corn again . and thrice this happened , till the deer ran away over the moor , and the young man after her .","['The farmer asked the young man to help him catch a deer that was eating his corn.', 'The young man agreed to shoot the deer for the farmer.', 'The young man saw a woman with long black hair instead of the deer when he aimed his gun.', 'The deer appeared three times while the young man was watching, and he eventually chased after it.']","['What did the farmer ask the young man to do?', 'What did the young man agree to do for the farmer?', 'What did the young man see instead of the deer when he aimed his gun?', 'What did the young man do after watching the deer appear three times?']","['The farmer asked the young man to help him catch a deer that was eating his corn.', 'The young man agreed to shoot the deer for the farmer.', 'He saw a woman with long black hair.', 'He eventually chased after it.']","['action', 'action', 'character', 'action']"
"' all hail , fisher 's son ! ' said she . ' i know what you are seeking ; enter in and rest and eat , and to - morrow i will give you what help i can , and send you on your way . ' gladly did ian the fisher 's son accept her offer , and all that day he rested , and the woman gave him ointment to put on his feet , which healed his sores . at daybreak he got up , ready to be gone , and the woman bade him farewell , saying : ' i have a sister who dwells on the road which you must travel . it is a long road , and it would take you a year and a day to reach it , but put on these old brown shoes with holes all over them , and you will be there before you know it . then shake them off , and turn their toes to the known , and their heels to the unknown , and they will come home of themselves . '","[""Ian the fisher's son accepted the woman's offer to rest and eat."", 'The woman gave Ian ointment to heal his sore feet.', ""The woman instructed Ian to wear old brown shoes with holes to reach her sister's house quickly.""]","[""What did Ian the fisher's son do in response to the woman's offer?"", 'What did the woman give to Ian to help with his sore feet?', 'What did the woman instruct Ian to wear?']","[""Ian the fisher's son accepted the woman's offer to rest and eat."", 'The woman gave Ian ointment to heal his sore feet.', 'The woman instructed Ian to wear old brown shoes with holes.']","['action', 'action', 'action']"
"' art thou satisfied now ? ' said matte to his wife . ' i should be quite satisfied , ' said his wife , ' if only i had two servants to help , and if i had some finer clothes . do n't you know that i am addressed as madam ? ' ' well , well , ' said her husband . so maie got several servants and clothes fit for a great lady . ' everything would now be perfect if only we had a little better dwelling for summer . you might build us a two - storey house , and fetch soil to make a garden . then you might make a little arbour up there to let us have a sea - view ; and we might have a fiddler to fiddle to us of an evening , and a little steamer to take us to church in stormy weather . ' ' anything more ? ' asked matte ; but he did everything that his wife wished . the rock ahtola became so grand and maie so grand that all the sea - urchins and herring were lost in wonderment . even prince was fed on beefsteaks and cream scones till at last he was as round as a butter jar . ' are you satisfied now ? ' asked matte . ' i should be quite satisfied , ' said maie , ' if only i had thirty cows . at least that number is required for such a household . ' ' go to the fairies , ' said matte .","['Maie expressed her dissatisfaction and wished for two servants and finer clothes.', ""Matte fulfilled Maie's wishes by getting several servants and fine clothes."", 'Maie then requested a two-storey house, a garden, an arbour with a sea view, a fiddler, and a steamer for church.', ""Matte complied with all of Maie's wishes, making their dwelling grand."", 'Maie ultimately expressed that she would be satisfied only if she had thirty cows.']","['What actions did Maie take regarding her dissatisfaction?', ""What actions did Matte take to fulfill Maie's wishes?"", 'What did Maie request?', ""What action did Matte take regarding Maie's wishes?"", 'What did Maie express about her satisfaction?']","['Maie expressed her dissatisfaction and wished for two servants and finer clothes.', 'Matte got several servants and fine clothes.', 'Maie requested a two-storey house, a garden, an arbour with a sea view, a fiddler, and a steamer for church.', ""Matte complied with all of Maie's wishes."", 'Maie ultimately expressed that she would be satisfied only if she had thirty cows.']","['action', 'action', 'action', 'action', 'action']"
"' bear me to the kingdom of the king under the waves , ' he answered , and one little bird flew on to his head , and the others perched on each of his shoulders , and he shut his eyes , and in a moment there he was in the country under the sea . then the birds flew away , and the young man looked about him , his heart beating fast at the thought that here dwelt the lady whom he had sought all the world over . he walked on through the streets , and presently he reached the house of a weaver who was standing at his door , resting from his work . ' you are a stranger here , that is plain , ' said the weaver , ' but come in , and i will give you food and drink . ' and the young man was glad , for he knew not where to go , and they sat and talked till it grew late .","['The young man asked to be taken to the kingdom of the king under the waves.', 'The young man arrived in the country under the sea and felt excited about finding the lady he had sought.', 'The weaver invited the young man in for food and drink after noticing he was a stranger.']","['Where does the young man ask to be taken?', 'How did the young man feel when he arrived in the country under the sea?', 'What did the weaver do after noticing the young man was a stranger?']","['To the kingdom of the king under the waves.', 'He felt excited about finding the lady he had sought.', 'The weaver invited the young man in for food and drink.']","['setting', 'feeling', 'action']"
"' here i must leave you , ' said the deer , ' but to - morrow meet me at midday in the church that is yonder . ' and jumping across the stream , she vanished into a wood . next day he set out for the church , but the old woman of the cottage had gone before him , and had stuck an enchanted stick called ' the spike of hurt ' in a crack of the door , so that he would brush against it as he stepped across the threshold . suddenly he felt so sleepy that he could not stand up , and throwing himself on the ground he sank into a deep slumber , not knowing that the dark lad was watching him . nothing could waken him , not even the sound of sweetest music , nor the touch of a lady who bent over him . a sad look came on her face , as she saw it was no use , and at last she gave it up , and lifting his arm , wrote her name across the side--'the daughter of the king of the town under the waves . ' ' i will come to - morrow , ' she whispered , though he could not hear her , and she went sorrowfully away .","['The deer instructed him to meet at the church the next day.', ""The old woman enchanted the stick called 'the spike of hurt' to put him to sleep."", 'The dark lad was watching him while he was asleep.', 'The daughter of the king of the town under the waves wrote her name on his arm before leaving.']","['What did the deer instruct him to do?', ""Why did the old woman enchant the stick called 'the spike of hurt'?"", 'Who is the character that was watching him while he was asleep?', 'What did the daughter of the king do before leaving?']","['The deer instructed him to meet at the church the next day.', 'To put him to sleep.', 'The dark lad.', 'She wrote her name on his arm.']","['action', 'causal relationship', 'character', 'action']"
"' i positively must get a good meal before i go back to my den , ' he said to himself ; ' it is nearly a week since i have tasted anything but scraps , though perhaps no one would think it to look at my figure ! of course there are plenty of rabbits and hares in the mountains ; but indeed one needs to be a greyhound to catch them , and i am not so young as i was ! if i could only dine off that fox i saw a fortnight ago , curled up into a delicious hairy ball , i should ask nothing better ; i would have eaten her then , but unluckily her husband was lying beside her , and one knows that foxes , great and small , run like the wind . really it seems as if there was not a living creature left for me to prey upon but a wolf , and , as the proverb says : ' one wolf does not bite another . ' however , let us see what this village can produce . i am as hungry as a schoolmaster . ' now , while these thoughts were running through the mind of the wolf , the very fox he had been thinking of was galloping along the other road .","['The wolf was hungry and had not eaten anything but scraps for nearly a week.', ""The wolf considered dining on a fox he had seen a fortnight ago but refrained because the fox's husband was nearby."", 'The wolf thought there were no living creatures left to prey upon except for another wolf, which he believed would not attack him.']","['What has the wolf been eating for nearly a week?', 'Why did the wolf refrain from dining on the fox?', 'What did the wolf think about the possibility of being attacked by another wolf?']","['The wolf had not eaten anything but scraps for nearly a week.', ""The wolf refrained because the fox's husband was nearby."", 'The wolf thought there were no living creatures left to prey upon except for another wolf, which he believed would not attack him.']","['action', 'causal relationship', 'action']"
"' i will give them , ' answered the man , and he took the horse , and the youth took the gun and the dog and the falcon , and went home with them . but when his mother heard what he had done she was very angry , and beat him with a stick which she had in her hand . ' that will teach you to sell my property , ' said she , when her arm was quite tired , but ian her son answered her nothing , and went off to his bed , for he was very sore . that night he rose softly , and left the house carrying the gun with him . ' i will not stay here to be beaten , ' thought he , and he walked and he walked and he walked , till it was day again , and he was hungry and looked about him to see if he could get anything to eat . not very far off was a farm - house , so he went there , and knocked at the door , and the farmer and his wife begged him to come in , and share their breakfast .","['The youth took a horse, gun, dog, and falcon home, but his mother was angry and beat him with a stick.', 'Ian decided to leave home after being beaten by his mother.', 'Ian walked all night until he found a farmhouse where the farmer and his wife invited him in for breakfast.']","['What did the youth take home?', 'What action did Ian take after being beaten by his mother?', 'What happened after Ian walked all night?']","['The youth took a horse, gun, dog, and falcon home.', 'Ian decided to leave home.', 'He found a farmhouse where the farmer and his wife invited him in for breakfast.']","['action', 'action', 'outcome resolution']"
"' it is the man who is lying under the cask , ' answered the leader . ' go and kill him , and then come and eat your food and sleep , for we must be off betimes in the morning . ' so four of them killed the fisher 's son and left him , and then went to bed . by sunrise they were all out of the house , for they had far to go . and when they had disappeared the deer came off the roof , to where the dead man lay , and she shook her head over him , and wax fell from her ear , and he jumped up as well as ever .","[""The leader instructed his men to kill the fisher's son lying under the cask."", ""Four men killed the fisher's son and then went to bed."", 'The deer came off the roof and shook her head over the dead man, causing him to jump up alive.']","['What did the leader instruct his men to do?', ""What did the four men do after killing the fisher's son?"", 'What happens to the dead man after the deer shakes her head over him?']","[""To kill the fisher's son lying under the cask."", 'They went to bed.', 'He jumps up alive.']","['action', 'action', 'outcome resolution']"
"' oh , only the words of an old rhyme that keeps running in my head , ' answered the old woman ; and she raised her voice and went on : oh , ahti , with the long , long beard , who dwellest in the deep blue sea , a thousand cows are in thy herd , i pray thee give one onto me . ' that 's a stupid sort of song , ' said matte . ' what else should one beg of the sea - king but fish ? but such songs are not for sunday . ' his wife pretended not to hear him , and sang and sang the same tune all the time they were on the water . matte heard nothing more as he sat and rowed the heavy boat , while thinking of his cracked pipe and the fine tobacco . then they returned to the island , and soon after went to bed . but neither matte nor maie could sleep a wink ; the one thought of how he had profaned sunday , and the other of ahti 's cow .","['The old woman sang a rhyme about Ahti, the sea king, asking for a cow from his herd.', 'Matte thought the song was stupid and believed one should only beg for fish from the sea king.', 'Neither Matte nor Maie could sleep that night, each preoccupied with their own thoughts.']","['What did the old woman do about Ahti, the sea king?', 'What did Matte believe one should do regarding begging for fish?', 'What action did Matte and Maie take that night?']","['The old woman sang a rhyme about Ahti, the sea king, asking for a cow from his herd.', 'Matte believed one should only beg for fish from the sea king.', 'Neither Matte nor Maie could sleep that night.']","['action', 'action', 'action']"
"' sir , ' she said , ' i know all that has happened to you , and how you are seeking if in any wise you can save your life . but there is none that can answer that question save only i myself , if you will promise to do all i ask . ' at her words the prisoner felt as if a load had all at once been rolled off him . ' oh , save me , and i will do anything ! ' he cried . ' it is so hard to leave the world and go out into the darkness . ' ' you will not need to do that , ' answered the old woman , ' you have only got to marry me , and you will soon be free . ' ' marry you ? ' exclaimed he , ' but -- but -- i am not yet twenty , and you --why , you must be a hundred at least ! oh , no , it is quite impossible . ' he spoke without thinking , but the flash of anger which darted from her eyes made him feel uncomfortable . however , all she said was : ' as you like ; since you reject me , let the crows have you , ' and hurried away down the street .","['The old woman offered to save the prisoner if he promised to marry her.', ""The prisoner felt relieved at the prospect of being saved but was shocked by the old woman's age."", 'The old woman became angry when the prisoner rejected her proposal.']","['What did the old woman offer to do for the prisoner?', ""How did the prisoner feel about the prospect of being saved and the old woman's age?"", 'Why did the old woman become angry?']","['The old woman offered to save the prisoner if he promised to marry her.', ""The prisoner felt relieved at the prospect of being saved but was shocked by the old woman's age."", 'The old woman became angry when the prisoner rejected her proposal.']","['action', 'feeling', 'causal relationship']"
"' stay with me , i pray , for i love company and am lonely , ' observed the weaver at last , and he pointed to a bed in a corner , where the fisher 's son threw himself , and slept till dawn . ' there is to be a horse - race in the town to - day , ' remarked the weaver , ' and the winner is to have the king 's daughter to wife . ' the young man trembled with excitement at the news , and his voice shook as he answered : ' that will be a prize indeed , i should like to see the race . ' ' oh , that is quite easy -- anyone can go , ' replied the weaver . ' i would take you myself , but i have promised to weave this cloth for the king . '","['The weaver expressed his loneliness and desire for company.', ""The weaver informed the fisher's son about a horse race where the winner would marry the king's daughter."", ""The fisher's son was excited about the horse race and expressed his desire to see it.""]","['What did the weaver express?', 'What role does the weaver play in the story?', ""What action did the fisher's son take regarding the horse race?""]","['The weaver expressed his loneliness and desire for company.', ""The weaver informed the fisher's son about a horse race where the winner would marry the king's daughter."", ""The fisher's son expressed his desire to see it.""]","['action', 'character', 'action']"
"' that is a good girl , ' said one ; ' i really was too weak to stretch out a wing before she came . i should like to do something to show how grateful i am . ' ' well , let us give her a wreath of flowers that will never fade as long as she wears it , ' cried another . ' and let the tiniest singing birds in the world sit amongst the flowers , ' rejoined the third . ' yes , that will do beautifully , ' said the first . and when the girl stepped into her cottage a wreath of rosebuds was on her head , and a crowd of little birds were singing unseen . the father , who was sitting by the fire , thought that , in spite of her muddy clothes , he had never seen his daughter looking so lovely ; but the stepmother and the other girl grew wild with envy .","['The girl received a wreath of flowers that will never fade as long as she wears it.', ""The tiniest singing birds in the world sat amongst the flowers on the girl's head."", 'The father thought his daughter looked lovely despite her muddy clothes, while the stepmother and the other girl grew wild with envy.']","['What did the girl receive?', 'What role does the girl play in the scene with the tiniest singing birds?', 'What did the father think about his daughter despite her muddy clothes?']","['A wreath of flowers that will never fade as long as she wears it.', 'The girl is the one on whose head the tiniest singing birds sat.', 'The father thought his daughter looked lovely despite her muddy clothes.']","['action', 'character', 'action']"
"' trust me and eat as you did before , and no harm shall happen to you , ' said she . so ian ate and drank , and fell sound asleep under the cask . in the evening the robbers arrived very tired , and crosser than they had been yesterday , for their luck had turned and they had brought back scarcely anything . ' someone has eaten our dinner again , ' cried they . ' it is the man under the barrel , ' answered the captain . ' let four of you go and kill him , but first slay the other four who pretended to kill him last night and did n't because he is still alive . '","['Ian trusted the woman and ate as he did before, falling sound asleep under the cask.', 'The robbers returned tired and angry, realizing someone had eaten their dinner again.', 'The captain ordered four robbers to kill Ian and to slay the other four who had pretended to kill him the night before.']","['What happened to Ian after he trusted the woman and ate?', 'What did the robbers do when they returned home?', 'What did the captain order the robbers to do?']","['He fell sound asleep under the cask.', 'The robbers returned tired and angry.', 'The captain ordered four robbers to kill Ian and to slay the other four who had pretended to kill him the night before.']","['outcome resolution', 'action', 'action']"
"' we shall require a better house , ' said maie the following summer ; ' the old one is too small for ourselves and the men . ' ' yes , ' said matte . so he built a large cottage , with a real lock to the door , and a store - house for fish as well ; and he and his men caught such quantities of fish that they sent tons of salmon , herring , and cod to russian and sweden . ' i am quite overworked with so many folk , ' said maie ; ' a girl to help me would not come amiss . ' ' get one , then , ' said her husband ; and so they hired a girl . then maie said : ' we have too little milk for all these folk . now that i have a servant , with the same amount of trouble she could look after three cows . ' ' all right , then , ' said her husband , somewhat provoked , ' you can sing a song to the fairies . '","['Maie expressed the need for a better house because the old one was too small.', 'Matte built a large cottage with a lock and a storehouse for fish.', 'Maie and her men caught large quantities of fish and sent tons to Russia and Sweden.', 'Maie hired a girl to help her with the household chores.']","['Why did Maie express the need for a better house?', 'What did Matte build?', 'What actions did Maie and her men take regarding fish?', 'What role does Maie play in the sentence?']","['Because the old one was too small.', 'Matte built a large cottage with a lock and a storehouse for fish.', 'Maie and her men caught large quantities of fish and sent tons to Russia and Sweden.', 'Maie is the person who hired a girl to help with the household chores.']","['causal relationship', 'action', 'action', 'character']"
"' what are you thinking of ? ' asked matte . ' nothing , ' said his wife ; but all the time she was pondering over some magic rhymes she had heard in her childhood from an old lame man , which were supposed to bring luck in fishing . ' what if i were to try ? ' thought she . now this was saturday , and on saturday evenings matte never set the herring - net , for he did not fish on sunday . towards evening , however , his wife said : ' let us set the herring - net just this once . '","[""Matte's wife was pondering over some magic rhymes she had heard in her childhood that were supposed to bring luck in fishing."", 'Matte usually did not set the herring-net on Saturday evenings because he did not fish on Sundays.', ""Matte's wife suggested they set the herring-net just this once.""]","[""What was Matte's wife pondering over?"", 'Why did Matte usually not set the herring-net on Saturday evenings?', ""What did Matte's wife suggest they do regarding the herring-net?""]","['Some magic rhymes she had heard in her childhood that were supposed to bring luck in fishing.', 'Because he did not fish on Sundays.', ""Matte's wife suggested they set the herring-net just this once.""]","['action', 'causal relationship', 'action']"
"' what can that be ? ' said the old woman , as she peeped out of the door . ' it looks like a big seal , ' said matte . ' as sure as i live , it 's a cow ! ' exclaimed maie . and certainly it was a cow , a fine red cow , fat and flourishing , and looking as if it had been fed all its days on spinach . it wandered peacefully up and down the shore , and never so much as even looked at the poor little tufts of grass , as if it despised such fare . matte could not believe his eyes . but a cow she seemed , and a cow she was found to be ; and when the old woman began to milk her , every pitcher and pan , even to the baler , was soon filled with the most delicious milk . the old man troubled his head in vain as to how she came there , and sallied forth to seek for his lost net . he had not proceeded far when he found it cast up on the shore , and so full of fish that not a mesh was visible .","['Matte and the old woman saw a fine red cow wandering peacefully on the shore.', 'The old woman began to milk the cow, filling every pitcher and pan with delicious milk.', 'The old man found his lost net on the shore, which was full of fish.']","['What did Matte and the old woman do when they saw the cow?', 'What action did the old woman take with the cow?', 'What did the old man find on the shore?']","['Matte and the old woman saw a fine red cow wandering peacefully on the shore.', 'The old woman began to milk the cow.', 'He found his lost net.']","['action', 'action', 'action']"
"' what would you do with a cow ? ' asked matte . ' she could not swim so far , and our boat is not large enough to bring her over here ; and even if we had her , we have nothing to feed her on . ' ' we have four alder bushes and sixteen tufts of grass , ' rejoined maie . ' yes , of course , ' laughed matte , ' and we have also three plants of garlic . garlic would be fine feeding for her . ' ' every cow likes salt herring , ' rejoined his wife . ' even prince is fond of fish . ' ' that may be , ' said her husband . ' methinks she would soon be a dear cow if we had to feed her on salt herring . all very well for prince , who fights with the gulls over the last morsel . put the cow out of your head , mother , we are very well off as we are . '","['Matte questioned the practicality of having a cow since they could not swim far and their boat was too small.', 'Maie suggested they could feed the cow with the four alder bushes and sixteen tufts of grass.', ""Matte laughed at the idea of feeding the cow garlic and salt herring, arguing it wouldn't be sufficient.""]","['What did Matte question about the cow?', 'What did Maie suggest they could use to feed the cow?', 'What did Matte do in response to the idea of feeding the cow garlic and salt herring?']","['Matte questioned the practicality of having a cow since they could not swim far and their boat was too small.', 'Maie suggested they could feed the cow with the four alder bushes and sixteen tufts of grass.', ""Matte laughed at the idea of feeding the cow garlic and salt herring, arguing it wouldn't be sufficient.""]","['action', 'action', 'action']"
"a young man was out walking one day in erin , leading a stout cart - horse by the bridle . he was thinking of his mother and how poor they were since his father , who was a fisherman , had been drowned at sea , and wondering what he should do to earn a living for both of them . suddenly a hand was laid on his shoulder , and a voice said to him : ' will you sell me your horse , son of the fisherman ? ' and looking up he beheld a man standing in the road with a gun in his hand , a falcon on his shoulder , and a dog by his side . ' what will you give me for my horse ? ' asked the youth . ' will you give me your gun , and your dog , and your falcon ? '","[""A young man was walking in Erin, leading a stout cart-horse and thinking about his family's poverty."", 'A man with a gun, a falcon, and a dog approached the young man and asked to buy his horse.', 'The young man inquired what the man would offer for his horse.']","['What was the young man doing in Erin?', 'What did the man with a gun, a falcon, and a dog do when he approached the young man?', 'What did the young man inquire about?']","['The young man was walking in Erin, leading a stout cart-horse.', 'He asked to buy his horse.', 'The young man inquired what the man would offer for his horse.']","['action', 'action', 'action']"
"a young prince was riding one day through a meadow that stretched for miles in front of him , when he came to a deep open ditch . he was turning aside to avoid it , when he heard the sound of someone crying in the ditch . he dismounted from his horse , and stepped along in the direction the sound came from . to his astonishment he found an old woman , who begged him to help her out of the ditch . the prince bent down and lifted her out of her living grave , asking her at the same time how she had managed to get there . ' my son , ' answered the old woman , ' i am a very poor woman , and soon after midnight i set out for the neighbouring town in order to sell my eggs in the market on the following morning ; but i lost my way in the dark , and fell into this deep ditch , where i might have remained for ever but for your kindness . '","['The young prince heard someone crying in a deep open ditch while riding through a meadow.', 'The prince dismounted and found an old woman who begged for help out of the ditch.', 'The old woman explained that she fell into the ditch while trying to sell her eggs in the neighboring town.']","['What did the young prince hear while riding through the meadow?', 'What did the prince do when he found the old woman?', 'Why did the old woman fall into the ditch?']","['The young prince heard someone crying in a deep open ditch.', 'The prince dismounted and found an old woman who begged for help out of the ditch.', 'She fell into the ditch while trying to sell her eggs in the neighboring town.']","['action', 'action', 'causal relationship']"
"about midnight the fisherman sat up , and said to his wife : ' dost thou hear anything ? ' ' no , ' said she . ' i think the twirling of the weathercock on the roof bodes ill , ' said he ; ' we shall have a storm . ' ' oh , it is nothing but your fancy , ' said his wife . matte lay down , but soon rose again . ' the weathercock is squeaking now , ' said he . ' just fancy ! go to sleep , ' said his wife ; and the old man tried to . for the third time he jumped out of bed . ' ho ! how the weather - cock is roaring at the pitch of its voice , as if it had a fire inside it ! we are going to have a tempest , and must bring in the net . '","[""The fisherman was concerned about the weathercock's sounds and predicted a storm."", 'The fisherman insisted on bringing in the net due to his fear of an impending tempest.']","[""What action did the fisherman take regarding the weathercock's sounds?"", 'Why did the fisherman insist on bringing in the net?']","[""The fisherman was concerned about the weathercock's sounds and predicted a storm."", 'Due to his fear of an impending tempest.']","['action', 'causal relationship']"
"after a time they all came to a town where a king reigned whose daughter was so serious and solemn that no one could ever manage to make her laugh . so the king had decreed that whoever should succeed in making her laugh should marry her . when dullhead heard this he marched before the princess with his goose and its appendages , and as soon as she saw these seven people continually running after each other she burst out laughing , and could not stop herself . then dullhead claimed her as his bride , but the king , who did not much fancy him as a son - in - law , made all sorts of objections , and told him he must first find a man who could drink up a whole cellarful of wine . dullhead bethought him of the little grey man , who could , he felt sure , help him ; so he went off to the forest , and on the very spot where he had cut down the tree he saw a man sitting with a most dismal expression of face .","['The king decreed that whoever could make his serious daughter laugh would marry her.', 'Dullhead made the princess laugh with his goose and its appendages.', 'The king objected to Dullhead as a son-in-law and set a condition for him to find a man who could drink a whole cellarful of wine.', 'Dullhead decided to seek help from the little grey man in the forest.']","['What did the king decree regarding his daughter?', 'What did Dullhead do to make the princess laugh?', 'What condition did the king set for Dullhead regarding his potential son-in-law status?', 'Where did Dullhead decide to seek help?']","['The king decreed that whoever could make his serious daughter laugh would marry her.', 'Dullhead made the princess laugh with his goose and its appendages.', 'The king set a condition for Dullhead to find a man who could drink a whole cellarful of wine.', 'In the forest.']","['action', 'action', 'action', 'setting']"
"after the ceremonies of the christening were over , all the company returned to the king 's palace , where was prepared a great feast for the fairies . there was placed before every one of them a magnificent cover with a case of massive gold , wherein were a spoon , knife , and fork , all of pure gold set with diamonds and rubies . but as they were all sitting down at table they saw come into the hall a very old fairy , whom they had not invited , because it was above fifty years since she had been out of a certain tower , and she was believed to be either dead or enchanted . the king ordered her a cover , but could not furnish her with a case of gold as the others , because they had only seven made for the seven fairies . the old fairy fancied she was slighted , and muttered some threats between her teeth . one of the young fairies who sat by her overheard how she grumbled ; and , judging that she might give the little princess some unlucky gift , went , as soon as they rose from table , and hid herself behind the hangings , that she might speak last , and repair , as much as she could , the evil which the old fairy might intend .","['The king prepared a great feast for the fairies after the christening ceremonies.', 'An old fairy, who had not been invited, entered the hall and was slighted because she did not receive a golden case.', 'One of the young fairies overheard the old fairy muttering threats and decided to hide behind the hangings to speak last and mitigate any potential harm.']","['What did the king prepare for the fairies after the christening ceremonies?', 'What happened to the old fairy after she entered the hall and was slighted?', 'Why did the young fairy decide to hide behind the hangings?']","['The king prepared a great feast for the fairies after the christening ceremonies.', 'She was slighted because she did not receive a golden case.', 'The young fairy decided to hide behind the hangings to speak last and mitigate any potential harm after overhearing the old fairy muttering threats.']","['action', 'outcome resolution', 'causal relationship']"
"alas ! alas ! scarce had he gained the hall than he fell to the ground in great pain . everyone crowded round him , and the two countesses , terrified now by what they had done , tried in vain to tear the magic vest from his body . but he felt that it was too late , the deadly poison had done its work , and , waving them aside , he turned to his brother , who , in great distress , had knelt down and taken him tenderly in his arms . "" i wronged thee , paul , "" he gasped . "" for thou hast ever been true and kind . forgive me in thy thoughts , and , "" he added , gathering up his strength for one last effort , and pointing to the two wretched women who had wrought all this misery , "" _ beware of those two women _ , for they seek to take thy life . "" then his head sank back on his brother 's shoulder , and , with one long sigh , he died . when he learned what had happened , and understood where the waistcoat came from , and for what purpose it had been intended , the anger of the silent earl knew no bounds . he swore a great oath that he would be avenged , not only on snorro the dwarf , but also on his wicked step - mother and her cruel sister .","['The protagonist fell to the ground in great pain after gaining the hall.', 'He asked his brother Paul for forgiveness and warned him about the two women who caused his misery.', 'The protagonist died after revealing the truth to his brother.', 'The silent earl vowed to take revenge on Snorro the dwarf, his wicked step-mother, and her cruel sister.']","['What happens to the protagonist after falling to the ground in great pain?', 'What did he ask his brother Paul for and what did he warn him about?', 'What happens to the protagonist after he reveals the truth to his brother?', 'What did the silent earl vow to do?']","['The sentence does not provide information about what happens next after the protagonist falls to the ground in great pain.', 'He asked his brother Paul for forgiveness and warned him about the two women who caused his misery.', 'The protagonist died after revealing the truth to his brother.', 'The silent earl vowed to take revenge on Snorro the dwarf, his wicked step-mother, and her cruel sister.']","['outcome resolution', 'action', 'outcome resolution', 'action']"
"and as the poor young thing , after having a good cry to herself , was drying her eyes , she chanced to look down the hill , and who should she see coming up it but an old woman , who looked like a lady born . she was dressed all in green , with a white apron , and she wore a black velvet hood on her head , and a steeple - crowned beaver hat over that , something like those , as i have heard tell , that the women wear in wales . she walked very slowly , leaning on a long staff , and she gave a bit hirple now and then , as if she were lame . as she drew near , the young widow felt it was becoming to rise and curtsey to the gentlewoman , for such she saw her to be .","['The young widow was crying and drying her eyes when she saw an old woman coming up the hill.', 'The old woman was dressed in green with a white apron and a black velvet hood.', 'The young widow felt it was appropriate to rise and curtsey to the gentlewoman as she approached.']","['What was the young widow doing when she saw the old woman coming up the hill?', 'What was the old woman wearing?', 'How did the young widow feel when the gentlewoman approached?']","['The young widow was crying and drying her eyes.', 'The old woman was dressed in green with a white apron and a black velvet hood.', 'The young widow felt it was appropriate to rise and curtsey to the gentlewoman.']","['action', 'character', 'feeling']"
"and while he was at court he met a charming young irish lady , the lady morna , who had come from ireland to scotland to attend upon the scottish queen . she was so sweet , and good , and gentle that earl harold 's heart was won , and he made up his mind that she , and only she , should be his bride . but although he had paid her much attention , lady morna had sometimes caught glimpses of his jealous temper ; she had seen an evil expression in his eyes , and had heard him speak sharply to his servants , and she had no wish to marry him . so , to his great amazement , she refused the honour which he offered her , and told him that she would prefer to remain as she was . earl harold ground his teeth in silent rage , but he saw that it was no use pressing his suit at that moment . so what he could not obtain by his own merits he determined to obtain by guile . accordingly he begged his mother to persuade the lady morna to go back with them on a visit , hoping that when she was alone with him in orkney , he would be able to overcome her prejudice against him , and induce her to become his wife . and all the while he never remembered his brother paul ; or , if he did , he never thought it possible that he could be his rival .","['Earl Harold met Lady Morna at court and decided she should be his bride.', ""Lady Morna refused Earl Harold's proposal because she had seen glimpses of his jealous temper."", 'Earl Harold planned to persuade Lady Morna to visit Orkney with him to change her mind about marrying him.']","['What action did Earl Harold take regarding Lady Morna at court?', ""Why did Lady Morna refuse Earl Harold's proposal?"", 'What action did Earl Harold plan to take regarding Lady Morna?']","['Earl Harold met Lady Morna at court and decided she should be his bride.', ""Lady Morna refused Earl Harold's proposal because she had seen glimpses of his jealous temper."", 'Earl Harold planned to persuade Lady Morna to visit Orkney with him.']","['action', 'causal relationship', 'action']"
"as for the poor little bannock , it thought that it would creep under a whin bush and lie there till morning , but it was so dark that it never saw that there was a fox 's hole there . so it fell down the fox 's hole , and the fox was very glad to see it , for he had had no food for two days . "" oh , welcome , welcome , "" he cried ; and he snapped it through the middle with his teeth , and that was the end of the poor wee bannock . and if a moral be wanted for this tale , here it is : that people should never be too uplifted or too cast down over anything , for all the good folk in the story thought that they were going to get the bannock , and , lo and behold ! the fox got it after all .","[""The poor little bannock tried to find a safe place to rest but fell into a fox's hole instead."", 'The fox was very glad to see the bannock because he had not eaten for two days.', 'The fox snapped the bannock in half, ending its journey.']","['What happened to the bannock after it tried to find a safe place to rest?', 'Why was the fox very glad to see the bannock?', 'What happened as a result of the fox snapping the bannock in half?']","[""The bannock fell into a fox's hole instead."", 'The fox was very glad to see the bannock because he had not eaten for two days.', 'It ended its journey.']","['outcome resolution', 'causal relationship', 'outcome resolution']"
"as soon as the lady had departed the fisher 's son awoke , and the dark lad told him of her visit , and how he would never see her as long as he lived . at this the fisher 's son felt the cold creeping up to his heart , yet he knew the fault had not been his that sleep had overtaken him . ' i will search the whole world through till i find her , ' cried he , and the dark lad laughed as he heard him . but the fisher 's son took no heed , and off he went , following the sun day after day , till his shoes were in holes and his feet were sore from the journey . nought did he see but the birds that made their nests in the trees , not so much as a goat or a rabbit . on and on and on he went , till suddenly he came upon a little house , with a woman standing outside it .","[""The fisher's son awoke and learned from the dark lad that the lady had departed and he would never see her again."", ""The fisher's son decided to search the whole world for the lady, despite the dark lad's laughter."", ""The fisher's son traveled day after day, enduring sore feet and worn shoes."", 'He eventually came upon a little house with a woman standing outside.']","[""What did the fisher's son do after he awoke?"", ""What did the fisher's son decide to do?"", ""What did the fisher's son do day after day?"", 'What did he come upon?']","['He learned from the dark lad that the lady had departed and he would never see her again.', ""The fisher's son decided to search the whole world for the lady."", ""The fisher's son traveled day after day, enduring sore feet and worn shoes."", 'He came upon a little house with a woman standing outside.']","['action', 'action', 'action', 'action']"
"as the two ladies leaned over the side of the well to let down their golden buckets , which they did every day in the year , they saw reflected in the deep still water the face of a handsome youth gazing at them from amidst the branches of the tree in whose shade they stood . never before had they seen the face of mortal man ; they were frightened , and drew back quickly with their golden buckets in their hands . their curiosity , however , soon gave them courage , and they glanced timidly upwards to see the cause of the unusual reflection , and then they beheld the happy hunter sitting in the tree looking down at them with surprise and admiration . they gazed at him face to face , but their tongues were still with wonder and could not find a word to say to him .","['The two ladies leaned over the well to let down their golden buckets and saw the reflection of a handsome youth.', 'The ladies were frightened at first but then gathered the courage to look up and see the hunter in the tree.', 'The hunter looked down at the ladies with surprise and admiration.']","['What did the two ladies do after seeing the reflection of the handsome youth?', 'What did the ladies do after they were frightened?', 'What did the hunter do when he saw the ladies?']","['The sentence does not provide information about what the two ladies did after seeing the reflection.', 'They gathered the courage to look up and see the hunter in the tree.', 'The hunter looked down at the ladies with surprise and admiration.']","['outcome resolution', 'action', 'action']"
"at last the ceremony was over , and the king , signing to his newly found son to follow him , rose and went into another room . ' tell me how you knew all that , ' he said , throwing himself into a carved chair filled with crimson cushions , and the prince told of his meeting with the old woman who had brought him the jewels from his mother , and how he had sworn before a priest to marry her , though he did not want to do it , on account of the difference in their ages , and besides , he would rather receive a bride chosen by the king himself . but the king frowned , and answered sharply : ' you swore to marry her if she saved your life , and , come what may , you must fulfil your promise . ' then , striking a silver shield that hung close by , he said to the equerry who appeared immediately : ' go and seek the priest who lives near the door of the prison , and ask him where you can find the old woman who visited him last night ; and when you have found her , bring her to the palace . '","['The king asked his newly found son how he knew about the jewels from his mother.', 'The prince explained that he had met an old woman who brought him the jewels and that he had sworn to marry her.', 'The king insisted that the prince must fulfill his promise to marry the old woman.', 'The king ordered the equerry to find the priest and the old woman who visited him.']","['What did the king ask his newly found son?', 'What did the prince do after meeting the old woman?', 'What action did the king insist the prince must take?', 'What did the king order the equerry to do?']","['The king asked his newly found son how he knew about the jewels from his mother.', 'He swore to marry her.', 'The prince must fulfill his promise to marry the old woman.', 'The king ordered the equerry to find the priest and the old woman who visited him.']","['action', 'action', 'action', 'action']"
"at the foot of some high mountains there was , once upon a time , a small village , and a little way off two roads met , one of them going to the east and the other to the west . the villagers were quiet , hard - working folk , who toiled in the fields all day , and in the evening set out for home when the bell began to ring in the little church . in the summer mornings they led out their flocks to pasture , and were happy and contented from sunrise to sunset . one summer night , when a round full moon shone down upon the white road , a great wolf came trotting round the corner .","['A small village was located at the foot of some high mountains.', 'The villagers were hard-working folk who toiled in the fields all day.', 'One summer night, a great wolf came trotting around the corner.']","['Where was the small village located?', 'What trait is described about the villagers in the sentence?', 'What did the great wolf do one summer night?']","['At the foot of some high mountains.', 'The villagers are described as hard-working.', 'The great wolf came trotting around the corner.']","['setting', 'character', 'action']"
"at the sight of the fox lying within his grasp his mouth began to water , but his joy was somewhat checked when he noticed how thin she was . the fox 's quick ears heard the sound of his paws , though they were soft as velvet , and turning her head she said politely : ' is that you , neighbour ? what a strange place to meet in ! i hope you are quite well ? ' ' quite well as regards my health , ' answered the wolf , whose eye glistened greedily , ' at least , as well as one can be when one is very hungry . but what is the matter with you ? a fortnight ago you were as plump as heart could wish ! ' ' i have been ill - very ill , ' replied the fox , ' and what you say is quite true . a worm is fat in comparison with me . '","['The wolf was excited to see the fox but was disappointed by her thinness.', 'The fox politely greeted the wolf and inquired about his well-being.', 'The fox explained that she had been very ill, which caused her to lose weight.']","[""What was the wolf's reaction when he saw the fox?"", 'What did the fox do when he met the wolf?', 'What did the fox explain about her condition?']","['The wolf was excited to see the fox but was disappointed by her thinness.', 'The fox politely greeted the wolf and inquired about his well-being.', 'The fox explained that she had been very ill, which caused her to lose weight.']","['action', 'action', 'action']"
"at these words harold 's vanity was flattered , and he thought that , after all , his step - brother was right , and that he had a very small chance , with his meagre gift of speech , of being successful in his suit . so he threw down his dagger , and , shaking hands with him , begged him to pardon his unkind thoughts , and went down the winding stair again in high good - humour with himself and all the world . by this time it was coming near to the feast of yule , and at that festival it was the custom for the earl and his court to leave kirkwall for some weeks , and go to the great palace of orphir , nine miles distant . and in order to see that everything was ready , earl paul took his departure some days before the others . the evening before he left he chanced to find the lady morna sitting alone in one of the deep windows of the great hall . she had been weeping , for she was full of sadness at the thought of his departure ; and at the sight of her distress the kind - hearted young earl could no longer contain himself , but , folding her in his arms , he whispered to her how much he loved her , and begged her to promise to be his wife .","[""Harold felt flattered by his step-brother's words and decided to be more positive about his chances."", 'Earl Paul left Kirkwall to prepare for the Yule feast at the palace of Orphir.', 'Earl Paul found Lady Morna weeping and comforted her by expressing his love and asking her to promise to be his wife.']","[""How did Harold feel about his step-brother's words?"", 'Why did Earl Paul leave Kirkwall?', 'What did Earl Paul do when he found Lady Morna weeping?']","[""Harold felt flattered by his step-brother's words."", 'Earl Paul left Kirkwall to prepare for the Yule feast at the palace of Orphir.', 'Earl Paul comforted her by expressing his love and asking her to promise to be his wife.']","['feeling', 'causal relationship', 'action']"
"between the sea realm and the earth there was no difference in the night of time , and the happy hunter found that three years went fleeting quickly by in this delightful land . the years pass swiftly when any one is truly happy . but though the wonders of that enchanted land seemed to be new every day , and though the sea king 's kindness seemed rather to increase than to grow less with time , the happy hunter grew more and more homesick as the days passed , and he could not repress a great anxiety to know what had happened to his home and his country and his brother while he had been away .","['The happy hunter found that three years passed quickly in the enchanted land.', 'Despite the wonders of the enchanted land, the happy hunter grew homesick and anxious about his home and family.']","['What did the happy hunter find about the passage of time in the enchanted land?', 'What happens to the happy hunter as a result of his homesickness and anxiety about his home and family?']","['The happy hunter found that three years passed quickly in the enchanted land.', ""The sentence does not provide a specific outcome, but it implies that the happy hunter's feelings may lead him to leave the enchanted land.""]","['action', 'outcome resolution']"
"but all the time they never guessed the real reason why snorro chose to live in the dwarfie stone . i will tell you why he did so . not very far from the stone there was a curious hill , shaped exactly like a wart . it was known as the wart hill of hoy , and men said that somewhere in the side of it was hidden a wonderful carbuncle , which , when it was found , would bestow on its finder marvellous magic gifts -- health , wealth , and happiness . everything , in fact , that a human being could desire . and the curious thing about this carbuncle was , that it was said that it could be seen at certain times , if only the people who were looking for it were at the right spot at the right moment . now snorro had made up his mind that he would find this wonderful stone , so , while he pretended to spend all his time in reading his great book or distilling medicines from his herbs , he was really keeping a keen look - out during his wanderings , noting every tuft of grass or piece of rock under which it might be hidden . and at night , when everyone else was asleep , he would creep out , with pickaxe and spade , to turn over the rocks or dig over the turf , in the hope of finding the long - sought - for treasure underneath them .","['Snorro chose to live in the Dwarfie Stone because he was searching for the hidden carbuncle in the Wart Hill of Hoy.', 'The carbuncle was said to bestow health, wealth, and happiness upon its finder.', 'Snorro pretended to read and distill medicines while secretly searching for the carbuncle.', 'At night, Snorro would sneak out with a pickaxe and spade to dig for the treasure.']","['Why did Snorro choose to live in the Dwarfie Stone?', 'What does the carbuncle bestow upon its finder?', 'What actions did Snorro take while searching for the carbuncle?', 'What would Snorro do at night?']","['He was searching for the hidden carbuncle in the Wart Hill of Hoy.', 'Health, wealth, and happiness.', 'Snorro pretended to read and distill medicines while secretly searching for the carbuncle.', 'Snorro would sneak out with a pickaxe and spade to dig for the treasure.']","['causal relationship', 'action', 'action', 'action']"
"but it was not so easy to get hold of the wee bannock . it was in vain that the goodwife threw her clue at it , and that the goodman tried to chase it into a corner and knock it down with his shuttle . it dodged , and turned , and twisted , like a thing bewitched , till at last it flew out at the door again , and vanished down the hill , "" for all the world , "" as the old woman said , "" like a new tarred sheep , or a daft cow . "" in the next house that it came to it found the goodwife in the kitchen , kirning . she had just filled her kirn , and there was still some cream standing in the bottom of her cream jar . "" come away , little bannock , "" she cried when she saw it . "" thou art come in just the nick of time , for i am beginning to feel hungry , and i 'll have cakes and cream for my dinner . ""","['The goodwife threw her clue at the wee bannock but could not catch it.', 'The wee bannock dodged and twisted away from the goodman who tried to corner it.', 'The wee bannock flew out the door and vanished down the hill.', 'The goodwife in the next house was kirning and felt hungry when the wee bannock arrived.']","['What happened after the goodwife threw her clue at the wee bannock and could not catch it?', 'What actions did the wee bannock take to avoid being cornered by the goodman?', 'What action did the wee bannock take?', 'What was the goodwife doing when the wee bannock arrived?']","['She could not catch it.', 'The wee bannock dodged and twisted away from the goodman.', 'The wee bannock flew out the door and vanished down the hill.', 'The goodwife was kirning.']","['outcome resolution', 'action', 'action', 'action']"
"but much to the old man 's disappointment , instead of clearing the rain fell more and more heavily , and finally a heavy thunderstorm broke over the mountain . the thunder roared so terrifically , and the heavens seemed to be so ablaze with lightning , that the old man could hardly believe himself to be alive . he thought that he must die of fright . at last , however , the sky cleared , and the whole country was aglow in the rays of the setting sun . the old man 's spirits revived when he looked out at the beautiful twilight , and he was about to step out from his strange hiding - place in the hollow tree when the sound of what seemed like the approaching steps of several people caught his ear . he at once thought that his friends had come to look for him , and he was delighted at the idea of having some jolly companions with whom to walk home .","['A heavy thunderstorm broke over the mountain, causing the old man to feel frightened.', 'The sky eventually cleared, and the old man felt revived by the beautiful twilight.', 'The old man thought that his friends had come to look for him when he heard the sound of approaching steps.']","['What did the heavy thunderstorm cause the old man to feel?', 'What happened to the old man after the sky cleared?', 'What did the old man think his friends were doing when he heard the sound of approaching steps?']","['The old man felt frightened.', 'The old man felt revived by the beautiful twilight.', 'The old man thought that his friends had come to look for him.']","['outcome resolution', 'outcome resolution', 'action']"
"but no sooner had they reached the grass than she vanished . the prince sought for her in vain , and at last in despair sat down on a big stone and contemplated his sad fate . as he sat thus lost in thought , he noticed an eagle flying over his head . then he suddenly bethought him of his little bell , and taking it out of his pocket he rang it once . in a moment he heard a rustling sound in the air beside him , and the king of the eagles sank at his feet .","['The prince sat down on a big stone in despair after the girl vanished.', 'The prince noticed an eagle flying overhead and remembered his little bell.', 'The king of the eagles appeared after the prince rang the bell.']","['What did the prince do after the girl vanished?', 'What did the prince do when he noticed the eagle flying overhead?', 'Who is the character that appeared after the prince rang the bell?']","['The prince sat down on a big stone in despair.', 'He remembered his little bell.', 'The king of the eagles.']","['action', 'action', 'character']"
"but on looking out from the tree , what was his amazement to see , not his friends , but hundreds of demons coming towards the spot . the more he looked , the greater was his astonishment . some of these demons were as large as giants , others had great big eyes out of all proportion to the rest of their bodies , others again had absurdly long noses , and some had such big mouths that they seemed to open from ear to ear . all had horns growing on their foreheads . the old man was so surprised at what he saw that he lost his balance and fell out of the hollow tree . fortunately for him the demons did not see him , as the tree was in the background . so he picked himself up and crept back into the tree .","['The old man looked out from the tree and saw hundreds of demons approaching.', 'The demons varied in size and appearance, with some being giant-like, others having large eyes, long noses, and big mouths.', 'The old man lost his balance and fell out of the tree but was fortunate that the demons did not see him.']","['What did the old man do when he looked out from the tree?', 'What are some traits of the demons mentioned in the sentence?', 'What was the outcome for the old man after he fell out of the tree?']","['He saw hundreds of demons approaching.', 'The demons varied in size and appearance, with some being giant-like, others having large eyes, long noses, and big mouths.', 'He was fortunate that the demons did not see him.']","['action', 'character', 'outcome resolution']"
"but the herring were now ready , and the students ate enough for six , and gave prince some cold meat which they happened to have in the boat . prince sat on his hind legs with delight and mewed like a pussy cat . when all was finished , the students handed matte a shining silver coin , and allowed him to fill his pipe with a special kind of tobacco . they then thanked him for his kind hospitality and went on their journey , much regretted by prince , who sat with a woeful expression and whined on the shore as long as he could see a flip of the boat 's white sail in the distance . maie had never uttered a word , but thought the more . she had good ears , and had laid to heart the story about ahti . ' how delightful , ' thought she to herself , ' to possess a fairy cow ! how delicious every morning and evening to draw milk from it , and yet have no trouble about the feeding , and to keep a shelf near the window for dishes of milk and junkets ! but this will never be my luck . '","['The students ate herring and shared cold meat with the prince.', 'Prince expressed delight by sitting on his hind legs and mewing like a cat.', 'The students thanked Matte for his hospitality before continuing their journey.', 'Maie thought about the story of Ahti and wished for a fairy cow to draw milk from without any trouble.']","['What did the students do with the prince?', 'What action did Prince take to express his delight?', 'What did the students do before continuing their journey?', 'What did Maie wish for regarding the story of Ahti?']","['The students ate herring and shared cold meat with the prince.', 'Prince expressed delight by sitting on his hind legs and mewing like a cat.', 'The students thanked Matte for his hospitality.', 'Maie wished for a fairy cow to draw milk from without any trouble.']","['action', 'action', 'action', 'action']"
"but the latter , who suspected where all this wealth had come from , did not wish to be any poorer than andrew . he knew that trolls and goblins walk mainly on christmas eve , and for that reason he sailed out to the sand banks at that time . and on christmas eve he did see a light or fire , but it seemed to be like will - o'-the - wisps fluttering about . when he came nearer he heard splashes , horrible howls , and cold , piercing cries , and there was a smell of slime and sea - weed , as at ebb - tide . terrified , he ran up into the hut , from whence he could see the trolls on the shore . they were short and thick like hay - ricks , completely covered with fur , with kirtles of skins , fishing boots , and enormous fist - gloves . in place of head and hair they had bundles of sea - weed . when they crawled up from the strand there was a gleam behind them like that of rotting wood , and when they shook themselves they showered sparks about them . when they drew nearer , john nicholas crawled up into the loft as his brother had done . the goblins dragged a great stone into the hut , and began to beat their gloves dry against it , and meanwhile they screamed so that john nicholas 's blood turned to ice in his hiding - place . then one of them sneezed into the ashes on the hearth in order to make the fire burn again ; while the others carried in heather - grass and drift - wood , as coarse and heavy as lead .","[""John Nicholas suspected the source of Andrew's wealth and decided to investigate on Christmas Eve."", ""He saw a light that resembled will-o'-the-wisps and heard terrifying sounds."", 'John Nicholas observed trolls on the shore that were short, thick, and covered with fur.', 'The trolls had bundles of seaweed instead of heads and hair, and they emitted a gleam like rotting wood.']","[""What action did John Nicholas take regarding Andrew's wealth?"", 'What did he see and hear?', 'What did John Nicholas do regarding the trolls?', 'What are the physical traits of the trolls?']","[""John Nicholas decided to investigate the source of Andrew's wealth."", ""He saw a light that resembled will-o'-the-wisps and heard terrifying sounds."", 'John Nicholas observed trolls on the shore.', 'The trolls had bundles of seaweed instead of heads and hair, and they emitted a gleam like rotting wood.']","['action', 'action', 'action', 'character']"
"but the latter did not lose heart . he gathered drift - wood along the strand , shot sea - birds , and looked for mussels and roots . he built himself a raft of drift - timber , and fished with a pole that had also been left behind . one day , while he was at work , he happened to notice a depression or hollow in the sand , as though made by the keel of a large northland schooner , and he could plainly trace the braidings of the hawsers from the strand up to the top of the island . then he thought to himself that he was in no danger , for he saw there was truth in the report he had often heard , that the meer - folk made the island their abode , and did much business with their ships .","['The man gathered driftwood, shot sea-birds, and looked for mussels and roots to survive.', 'He built a raft from drift timber and fished with a pole that had been left behind.', 'The man noticed a depression in the sand that resembled the keel of a large schooner, indicating the presence of ships.']","['What actions did the man take to survive?', 'What did he do with the drift timber and the pole that had been left behind?', 'What did the man notice in the sand?']","['The man gathered driftwood, shot sea-birds, and looked for mussels and roots to survive.', 'He built a raft from drift timber and fished with a pole that had been left behind.', 'The man noticed a depression in the sand that resembled the keel of a large schooner.']","['action', 'action', 'action']"
"but the little bannock had no wish to be eaten up by the miller , so it turned and ran out of the mill , and the miller was so busy that he did not trouble himself to run after it . after this it ran on , and on , and on , till it came to the smithy , and it popped in there to see what it could see . the smith was busy at the anvil making horse - shoe nails , but he looked up as the wee bannock entered .","['The little bannock ran out of the mill to avoid being eaten by the miller.', 'The bannock continued running until it reached the smithy.', 'The smith looked up from his work when the wee bannock entered the smithy.']","['Why did the little bannock run out of the mill?', 'Where did the bannock run to?', 'What did the smith do when the wee bannock entered the smithy?']","['To avoid being eaten by the miller.', 'The bannock ran to the smithy.', 'The smith looked up from his work.']","['causal relationship', 'setting', 'action']"
"but the rich neighbor wanted the meadow for himself alone , and told the poor one that he would drive him out of house and home if he did not come to an agreement with him that whichever one of them mowed the largest stretch of the meadowland in a single day , should receive the entire meadow .","['The rich neighbor wanted the meadow for himself and threatened the poor neighbor.', 'The rich neighbor proposed a competition to determine who could mow the largest stretch of the meadowland in a single day.']","['What action did the rich neighbor take regarding the meadow?', 'What action did the rich neighbor take regarding the meadowland?']","['The rich neighbor threatened the poor neighbor.', 'The rich neighbor proposed a competition to determine who could mow the largest stretch of the meadowland in a single day.']","['action', 'action']"
"but the song was quickly changed into a cry of despair when she reached the pig - stye , for there lay her cherished pig on its back , with its legs in the air and its eyes shut , just as if it were going to breathe its last breath . "" what shall i do ? what shall i do ? "" cried the poor woman , sitting down on a big stone and clasping her boy to her breast , heedless of the fact that she had dropped her bucket , and that the pig's - meat was running out , and that the hens were eating it . "" first i lost my husband , and now i am going to lose my finest pig . the pig that i hoped would fetch a deal of money . "" now i must explain to you that the house of kittlerumpit stood on a hillside , with a great fir wood behind it , and the ground sloping down steeply in front .","[""The woman found her cherished pig lying on its back, seemingly at death's door."", 'The woman expressed her despair over losing both her husband and her finest pig, which she hoped would bring her money.', 'The house of Kittlerumpit was located on a hillside with a fir wood behind it.']","['What did the woman do when she found her pig?', 'What action did the woman take regarding her losses?', 'Where was the house of Kittlerumpit located?']","[""The woman found her cherished pig lying on its back, seemingly at death's door."", 'The woman expressed her despair over losing both her husband and her finest pig.', 'The house of Kittlerumpit was located on a hillside with a fir wood behind it.']","['action', 'action', 'setting']"
"but the wily countess offered him much gold , and bribed him higher and higher , first with wealth , then with success , and lastly she promised to obtain for him a high post at the court of the king of scotland ; and at that his ambition stirred within him , his determination gave way , and he consented to do what she asked . "" i will summon my magic loom , "" he said , "" and weave a piece of cloth of finest texture and of marvellous beauty ; and before i weave it i will so poison the thread with a magic potion that , when it is fashioned into a garment , whoever puts it on will die ere he hath worn it many minutes . "" "" thou art a clever knave , "" answered the countess , a cruel smile lighting up her evil face , "" and thou shalt be rewarded . let me have a couple of yards of this wonderful web , and i will make a bonnie waistcoat for my fine young earl and give it to him as a yuletide gift . then i reckon that he will not see the year out . "" "" that will he not , "" said dwarf snorro , with a malicious grin ; and the two parted , after arranging that the piece of cloth should be delivered at the palace of orphir on the day before christmas eve .","['The countess bribed the dwarf with gold and promises of a high post at the court of the king of Scotland.', 'The dwarf agreed to weave a poisoned cloth that would kill whoever wore it.', 'The countess planned to give the poisoned garment as a gift to the earl for Yuletide.']","['What did the countess do to the dwarf?', 'What did the dwarf agree to do?', 'What did the countess plan to give to the earl for Yuletide?']","['The countess bribed the dwarf with gold and promises of a high post at the court of the king of Scotland.', 'The dwarf agreed to weave a poisoned cloth that would kill whoever wore it.', 'The countess planned to give the poisoned garment as a gift to the earl for Yuletide.']","['action', 'action', 'action']"
"but this clever son replied : ' if i give you my cake and wine i shall have none left for myself ; you just go your own way ; ' and he left the little man standing there and went further on into the forest . there he began to cut down a tree , but before long he made a false stroke with his axe , and cut his own arm so badly that he was obliged to go home and have it bound up . then the second son went to the forest , and his mother gave him a good cake and a bottle of wine as she had to his elder brother . he too met the little old grey man , who begged him for a morsel of cake and a draught of wine . but the second son spoke most sensibly too , and said : ' whatever i give to you i deprive myself of . just go your own way , will you ? ' not long after his punishment overtook him , for no sooner had he struck a couple of blows on a tree with his axe , than he cut his leg so badly that he had to be carried home .","['The clever son refused to share his cake and wine with the little old grey man, stating he would have none left for himself.', 'The first son cut his own arm badly while trying to cut down a tree in the forest.', 'The second son also refused to share his cake and wine with the little old grey man.', 'The second son cut his leg badly while trying to cut down a tree, leading to him being carried home.']","['Why did the clever son refuse to share his cake and wine with the little old grey man?', 'What happened to the first son while trying to cut down a tree?', 'What did the second son refuse to share with the little old grey man?', 'What happened to the second son after he cut his leg badly?']","['He stated he would have none left for himself.', 'He cut his own arm badly.', 'The second son refused to share his cake and wine with the little old grey man.', 'He was carried home.']","['causal relationship', 'outcome resolution', 'action', 'outcome resolution']"
"but when he came out in the morning , the princesses were out of the ground up to their ankles . the third night came a troll who had nine heads and nine whips , and he beat and whipped the youth so severely that at last he fainted . then the troll took him and flung him against the wall , and as he did so the bottle fell down , and its whole contents poured over the youth , and he was at once sound and whole again . then he did not delay , but grasped the sword , killed the troll , and when he came out in the morning , the princesses were entirely out of the ground . so he chose the youngest of them to be his queen , and lived long with her in peace and happiness . but at last he was minded to travel home , and see how his parents fared . this did not suit his queen ; but since he wanted to go so badly , and finally was on the point of departure , she said to him : "" one thing you must promise me , that you will only do what your father tells you to do , but not what your mother tells you to do . "" and this he promised . then she gave him a ring which had the power of granting two wishes to the one who wore it . so he wished himself home , and his parents could not get over their surprise at seeing how fine and handsome he had become .","['The youth was beaten by a troll with nine heads and nine whips until he fainted.', 'The contents of a bottle poured over the youth, healing him instantly.', 'The youth killed the troll and freed the princesses from the ground.', 'The youth chose the youngest princess to be his queen and lived happily with her.', 'The queen gave the youth a ring that granted two wishes before he traveled home.']","['What action did the troll take towards the youth?', 'What action was taken to heal the youth?', 'What actions did the youth take in the story?', 'What was the outcome of the youth choosing the youngest princess to be his queen?', 'What did the queen give to the youth?']","['The troll beat the youth with nine heads and nine whips until he fainted.', 'The contents of a bottle were poured over the youth.', 'The youth killed the troll and freed the princesses from the ground.', 'They lived happily with her.', 'The queen gave the youth a ring that granted two wishes.']","['action', 'action', 'action', 'outcome resolution', 'action']"
"but when he got home , he found that heaven had sent him a little son , the first new thing to come into the house since he had made his promise . and when he told his wife about it , she began to weep and wail , and pray to god because of the vow her husband had made . and the woman 's grief was reported at the castle , and when it came to the king 's ears , and he learned the reason , he promised to take the boy and see if he could not save him . and so the king took him and brought him up as though he were his own son , until he was grown . then one day the boy asked whether he might not go out fishing with his father , he wanted to so very much , said he . the king would not hear of it ; but at last he was given permission , so he went to his father , and everything went well all day long , until they came home in the evening .","['The man returned home to find that he had a little son, the first new thing since making his promise.', ""The woman's grief over her husband's vow was reported to the king."", 'The king promised to take the boy and see if he could save him.', 'The king raised the boy as his own until he was grown.', 'The boy asked the king for permission to go fishing with his father.']","['What did the man do when he returned home?', ""What action did the woman take regarding her husband's vow?"", 'What did the king promise to do for the boy?', 'What did the king do for the boy?', 'What did the boy ask the king for?']","['He found that he had a little son, the first new thing since making his promise.', ""The woman expressed grief over her husband's vow."", 'The king promised to take the boy and see if he could save him.', 'The king raised the boy as his own until he was grown.', 'The boy asked the king for permission to go fishing with his father.']","['action', 'action', 'action', 'action', 'action']"
"but when the dance was ended , she disappeared again so quickly that the king could not see which way she went . she ran to her little room and changed herself once more into the many - furred creature , and went into the kitchen to cook the bread - soup . when the cook was upstairs , she fetched the golden spinning - wheel and put it in the dish so that the soup was poured over it . it was brought to the king , who ate it , and liked it as much as the last time . he had the cook sent to him , and again he had to confess that the many - furred creature had cooked the soup . then the many - furred creature came before the king , but she said again that she was of no use except to have boots thrown at her head , and that she knew nothing at all of the golden spinning - wheel . when the king had a feast for the third time , things did not turn out quite the same as at the other two . the cook said , ' you must be a witch , many - furred creature , for you always put something in the soup , so that it is much better and tastes nicer to the king than any that i cook . ' but because she begged hard , he let her go up for the usual time . now she put on the dress as shining as the stars , and stepped into the hall in it .","['The many-furred creature quickly disappeared after the dance, changing back into her original form.', 'She cooked the bread-soup and added the golden spinning-wheel to it.', 'The king enjoyed the soup again and summoned the cook, who confessed that the many-furred creature had cooked it.', 'The cook suspected the many-furred creature of being a witch because the soup always tasted better when she cooked.']","['What happened to the many-furred creature after the dance?', 'What did she do with the bread-soup?', 'What happened after the king summoned the cook and learned that the many-furred creature had cooked the soup?', 'Why did the cook suspect the many-furred creature of being a witch?']","['The many-furred creature quickly disappeared after the dance, changing back into her original form.', 'She cooked the bread-soup and added the golden spinning-wheel to it.', 'The sentence does not provide information about what happened next after the king summoned the cook.', 'The cook suspected the many-furred creature of being a witch because the soup always tasted better when she cooked.']","['outcome resolution', 'action', 'outcome resolution', 'causal relationship']"
"countess fraukirk ... hidden behind a curtain ... overheard every word . ] next day a boat went speeding over the narrow channel of water that separates pomona ( on the mainland ) from hoy . in it sat a woman , but who she was , or what she was like , no one could say , for she was covered from head to foot with a black cloak , and her face was hidden behind a thick , dark veil . snorro the dwarf knew her , even before she laid aside her trappings , for countess fraukirk was no stranger to him . in the course of her long life she had often had occasion to seek his aid to help her in her evil deeds , and she had always paid him well for his services in yellow gold . he therefore welcomed her gladly ; but when he had heard the nature of her errand his smiling face grew grave again , and he shook his head . "" i have served thee well , lady , in the past , "" he said , "" but methinks that this thing goeth beyond my courage . for to compass an earl 's death is a weighty matter , especially when he is so well beloved as is the earl paul . "" "" thou knowest why i have taken up my abode in this lonely spot -- how i hope some day to light upon the magic carbuncle . thou knowest also how the people fear me , and hate me too , forsooth . and if the young earl died , and suspicion fell on me , i must needs fly the island , for my life would not be worth a grain of sand . then my chance of success would be gone . nay ! i can not do it , lady ; i can not do it . ""","['Countess Fraukirk arrived in a boat covered in a black cloak and a dark veil.', 'Snorro the dwarf recognized Countess Fraukirk and welcomed her, recalling their past dealings.', ""Countess Fraukirk sought Snorro's help to orchestrate the death of Earl Paul, who was well-loved."", 'Snorro expressed his reluctance to assist in the plot against the earl, fearing the consequences.']","['What did Countess Fraukirk do when she arrived?', 'What action did Snorro the dwarf take when he recognized Countess Fraukirk?', ""Why did Countess Fraukirk seek Snorro's help?"", 'Why did Snorro express reluctance to assist in the plot against the earl?']","['Countess Fraukirk arrived in a boat covered in a black cloak and a dark veil.', 'Snorro the dwarf welcomed her.', 'To orchestrate the death of Earl Paul, who was well-loved.', 'Snorro expressed his reluctance to assist in the plot against the earl, fearing the consequences.']","['action', 'action', 'causal relationship', 'causal relationship']"
"far up in a green valley in the island of hoy stands an immense boulder . it is hollow inside , and the natives of these northern islands call it the dwarfie stone , because long centuries ago , so the legend has it , snorro the dwarf lived there . nobody knew where snorro came from , or how long he had dwelt in the dark chamber inside the dwarfie stone . all that they knew about him was that he was a little man , with a queer , twisted , deformed body and a face of marvellous beauty , which never seemed to look any older , but was always smiling and young . men said that this was because snorro 's father had been a fairy , and not a denizen of earth , who had bequeathed to his son the gift of perpetual youth , but nobody knew whether this were true or not , for the dwarf had inhabited the dwarfie stone long before the oldest man or woman in hoy had been born . one thing was certain , however : he had inherited from his mother , whom all men agreed had been mortal , the dangerous qualities of vanity and ambition . and the longer he lived the more vain and ambitious did he become , until at last he always carried a mirror of polished steel round his neck , into which he constantly looked in order to see the reflection of his handsome face .","['The Dwarfie Stone is a hollow boulder in the island of Hoy where Snorro the dwarf lived.', 'Snorro was described as a little man with a twisted, deformed body and a face of marvelous beauty that never aged.', ""It was said that Snorro's father was a fairy, which granted him the gift of perpetual youth."", 'Snorro inherited dangerous qualities of vanity and ambition from his mortal mother.']","['Who lived in the Dwarfie Stone?', 'What are the physical traits of Snorro?', ""What is Snorro's father's unique trait?"", 'What dangerous qualities did Snorro inherit from his mortal mother?']","['Snorro the dwarf lived in the Dwarfie Stone.', 'Snorro was described as a little man with a twisted, deformed body and a face of marvelous beauty that never aged.', ""Snorro's father was a fairy, which granted him the gift of perpetual youth."", 'Snorro inherited dangerous qualities of vanity and ambition from his mortal mother.']","['character', 'character', 'character', 'character']"
"harold , on the other hand , was as different from his brother as night is from day . he was fair - haired and blue - eyed , and he had gained for himself the name of harold the orator , because he was always free of speech and ready with his tongue . but for all this he was not a favourite . for he was haughty , and jealous , and quick - tempered , and the old folks ' eyes did not brighten at the sight of him , and the babes , instead of toddling out to greet him , hid their faces in their mothers ' skirts when they saw him coming . harold could not help knowing that the people liked his silent brother best , and the knowledge made him jealous of him , so a coldness sprang up between them . now it chanced , one summer , that earl harold went on a visit to the king of scotland , accompanied by his mother , the countess helga , and her sister , the countess fraukirk .","['Harold was different from his brother, being fair-haired and blue-eyed.', 'Harold was known as Harold the Orator due to his free speech and readiness with his tongue.', 'Harold was not a favorite among the people because of his haughty, jealous, and quick-tempered nature.', ""A coldness developed between Harold and his silent brother due to Harold's jealousy.""]","[""What are Harold's physical traits?"", 'Why was Harold known as Harold the Orator?', 'Why was Harold not a favorite among the people?', ""What was the consequence of Harold's jealousy towards his brother?""]","['Harold is fair-haired and blue-eyed.', 'Harold was known as Harold the Orator due to his free speech and readiness with his tongue.', 'Harold was not a favorite among the people because of his haughty, jealous, and quick-tempered nature.', 'A coldness developed between Harold and his silent brother.']","['character', 'causal relationship', 'causal relationship', 'outcome resolution']"
"he found his wife very anxious , wondering what had happened to make him so late . he soon told her all that had passed since he left home that afternoon . she was quite as happy as her husband when he showed her that the ugly lump had disappeared from his face , for in her youth she had prided herself on his good looks , and it had been a daily grief to her to see the horrid growth .","['The husband returned home late, making his wife anxious about his whereabouts.', 'The husband shared the story of his day with his wife, including the disappearance of the ugly lump from his face.', ""The wife was happy to see her husband's good looks restored, as she had been troubled by the growth.""]","['What did the husband do that made his wife anxious?', 'What did the husband do during his day?', 'Why was the wife happy regarding her husband?']","['The husband returned home late.', 'The husband shared the story of his day with his wife, including the disappearance of the ugly lump from his face.', ""The wife was happy to see her husband's good looks restored.""]","['action', 'action', 'causal relationship']"
"he now began to feel extremely anxious , for he knew that his brother would be angry at his having lost his hook , for , it being his only one , he valued it above all other things . the happy hunter now set to work to look among the rocks and on the sand for the lost hook , and while he was searching to and fro , his brother , the skillful fisher , arrived on the scene . he had failed to find any game while hunting that day , and was not only in a bad temper , but looked fearfully cross . when he saw the happy hunter searching about on the shore he knew that something must have gone wrong , so he said at once : "" what are you doing , my brother ? "" the happy hunter went forward timidly , for he feared his brother 's anger , and said : "" oh , my brother , i have indeed done badly . "" "" what is the matter?-what have you done ? "" asked the elder brother impatiently . "" i have lost your precious fishing hook- ""","[""The happy hunter felt anxious about losing his brother's only fishing hook."", 'The skillful fisher arrived in a bad temper after failing to find any game while hunting.', 'The happy hunter timidly confessed to his brother that he had lost the precious fishing hook.']","[""What emotion did the happy hunter feel about losing his brother's fishing hook?"", 'What action did the skillful fisher take that resulted in his bad temper?', 'What did the happy hunter confess to his brother?']","[""The happy hunter felt anxious about losing his brother's only fishing hook."", 'The skillful fisher failed to find any game while hunting.', 'He confessed that he had lost the precious fishing hook.']","['feeling', 'action', 'action']"
"he said not a word , however , but silently gazed at them through the foliage of the trees , waiting to see what they would do . he saw that in their hands they carried golden buckets . slowly and gracefully in their trailing garments they approached the well , standing in the shade of the katsura trees , and were about to draw water , all unknowing of the stranger who was watching them , for the happy hunter was quite hidden among the branches of the tree where he had posted himself .","['The stranger silently gazed at the figures through the foliage of the trees.', 'The figures carried golden buckets and approached the well.', 'The happy hunter was hidden among the branches of the tree.']","['What did the stranger do while observing the figures?', 'What did the figures do as they approached the well?', 'Where was the happy hunter hidden?']","['The stranger silently gazed at the figures.', 'The figures carried golden buckets and approached the well.', 'Among the branches of the tree.']","['action', 'action', 'setting']"
"he was always accompanied on these occasions by an enormous grey - headed raven , who lived in the cave along with him , and who was his bosom friend and companion . the islanders feared this bird of ill omen as much , perhaps , as they feared its master ; for , although they went to consult snorro in all their difficulties and perplexities , and bought medicines and love - potions from him , they always looked upon him with a certain dread , feeling that there was something weird and uncanny about him . now , at the time we are speaking of , orkney was governed by two earls , who were half - brothers . paul , the elder , was a tall , handsome man , with dark hair , and eyes like sloes . all the country people loved him , for he was so skilled in knightly exercises , and had such a sweet and loving nature , that no one could help being fond of him . old people 's eyes would brighten at the sight of him , and the little children would run out to greet him as he rode by their mothers ' doors . and this was the more remarkable because , with all his winning manner , he had such a lack of conversation that men called him paul the silent , or paul the taciturn .","['Snorro was accompanied by a grey-headed raven, who was his bosom friend and companion.', 'The islanders feared Snorro and his raven, viewing them as ominous.', 'Paul, the elder earl, was loved by the country people for his skills and sweet nature.', 'Despite his winning manner, Paul was known as Paul the Silent due to his lack of conversation.']","['What kind of relationship did Snorro have with the grey-headed raven?', 'What did the islanders feel about Snorro and his raven?', 'What traits made Paul, the elder earl, loved by the country people?', 'Why was Paul known as Paul the Silent?']","['Snorro was accompanied by a grey-headed raven, who was his bosom friend and companion.', 'The islanders feared Snorro and his raven, viewing them as ominous.', 'His skills and sweet nature.', 'Paul was known as Paul the Silent due to his lack of conversation.']","['character', 'feeling', 'character', 'causal relationship']"
"here he again sold his cat , and this time he received two hundred dollars for her , and that without any haggling . but when he had sailed off and was out at sea a way , there sat the cat up in the mast . and the storm at once began again , and finally he was again driven to a land in which he had never been . again he turned in at a tavern , and there the table was also covered with switches ; but every switch was a yard and a half long , and as thick as a small broom , and the people told him that they knew of nothing more disagreeable than to sit down to eat , for there were great , ugly rats by the thousand . only with toil and trouble could one manage to shove a bite of something into one 's mouth once in a while , so hard was it to defend oneself against the rats . then the cat was again brought from the ship , and now the people could eat in peace . they begged and pleaded that the merchant sell them his cat ; and for a long time he refused ; but at last he promised that they should have her for three hundred dollars . and they paid him , and thanked him , and blessed him into the bargain .","['The merchant sold his cat for two hundred dollars without haggling.', 'After sailing off, a storm drove the merchant to a new land where he encountered a tavern filled with rats.', 'The people at the tavern struggled to eat due to the large number of rats.', 'The merchant eventually sold his cat again for three hundred dollars to help the people eat in peace.']","['What did the merchant do with his cat?', 'What happens to the merchant after he encounters the tavern filled with rats?', 'Why did the people at the tavern struggle to eat?', 'What was the outcome of the merchant selling his cat for three hundred dollars?']","['The merchant sold his cat for two hundred dollars without haggling.', 'The sentence does not provide information about what happens to the merchant after he encounters the tavern filled with rats.', 'The people at the tavern struggled to eat due to the large number of rats.', 'It helped the people eat in peace.']","['action', 'outcome resolution', 'causal relationship', 'outcome resolution']"
"here he found , instead of the queer basket on which he had come to the realm of ryn gu , a large crocodile waiting for him . never had he seen such a huge creature . it measured eight fathoms in length from the tip of its tail to the end of its long mouth . the sea king had ordered the monster to carry the happy hunter back to japan . like the wonderful basket which shiwozuchino okina had made , it could travel faster than any steamboat , and in this strange way , riding on the back of a crocodile , the happy hunter returned to his own land .","['The happy hunter found a large crocodile instead of the basket he had come with.', 'The sea king ordered the crocodile to carry the happy hunter back to Japan.', 'The crocodile could travel faster than any steamboat.']","['What did the happy hunter find instead of the basket he had come with?', 'What did the sea king order the crocodile to do?', 'What can the crocodile do faster than any steamboat?']","['A large crocodile.', 'The sea king ordered the crocodile to carry the happy hunter back to Japan.', 'The crocodile could travel faster than any steamboat.']","['action', 'action', 'action']"
"his cheeks were red with passion , and his eyes were bright , for he could not but notice that , now that she was safe at orphir under her true love 's protection , the lady morna 's manner had grown cold and distant again , and he was beginning to lose faith in snorro 's charm . angry and disappointed , he had sought his mother 's room to pour out his story of vexation to her . he stopped short , however , when he saw the wonderful waistcoat lying on the table , all gold and silver and shining colours . it was like a fairy garment , and its beauty took his breath away .","[""The lady Morna's manner grew cold and distant after being safe at Orphir under her true love's protection."", ""The protagonist felt angry and disappointed and sought his mother's room to share his vexation."", 'He was captivated by the sight of a beautiful waistcoat lying on the table, which was made of gold, silver, and shining colors.']","[""What happened to lady Morna's manner after she was safe at Orphir?"", 'What emotions did the protagonist feel?', 'What action did he take when he saw the waistcoat?']","['Her manner grew cold and distant.', 'The protagonist felt angry and disappointed.', 'He was captivated by the sight of the waistcoat.']","['outcome resolution', 'feeling', 'action']"
"his elder brother was a very skillful fisher , and as he far surpassed all rivals in fishing , he was named "" umi - sachi - hiko "" or the "" skillful fisher of the sea . "" the brothers thus led happy lives , thoroughly enjoying their respective occupations , and the days passed quickly and pleasantly while each pursued his own way , the one hunting and the other fishing .","[""The elder brother was named 'Umi-Sachi-Hiko' because he was a very skillful fisher."", 'The brothers led happy lives, enjoying their respective occupations of hunting and fishing.']","[""Why was the elder brother named 'Umi-Sachi-Hiko'?"", 'What actions did the brothers take in their lives?']","[""He was named 'Umi-Sachi-Hiko' because he was a very skillful fisher."", 'The brothers enjoyed their respective occupations of hunting and fishing.']","['causal relationship', 'action']"
"his fears , however , were soon overcome by his love of dancing . in a few minutes he could restrain himself no longer , and came out before the whole party of demons and began to dance at once . the old man , realizing that his life probably depended on whether he pleased these strange creatures or not , exerted his skill and wit to the utmost .","['The old man initially had fears but was soon overcome by his love of dancing.', 'The old man began to dance before the party of demons to please them.', 'The old man realized that his life depended on pleasing the strange creatures.']","['What caused the old man to overcome his fears?', 'Why did the old man begin to dance before the party of demons?', 'What action did the old man realize he needed to take to ensure his life?']","['His love of dancing.', 'To please them.', 'The old man realized that he needed to please the strange creatures.']","['causal relationship', 'causal relationship', 'action']"
"his vengeance was baulked , however , for in the panic and confusion that followed harold 's death , the two countesses slipped out of the palace and fled to the coast , and took boat in haste to scotland , where they had great possessions , and where they were much looked up to , and where no one would believe a word against them . but retribution fell on them in the end , as it always does fall , sooner or later , on everyone who is wicked , or selfish , or cruel ; for the norsemen invaded the land , and their castle was set on fire , and they perished miserably in the flames . when earl paul found that they had escaped , he set out in hot haste for the island of hoy , for he was determined that the dwarf , at least , should not escape . but when he came to the dwarfie stone he found it silent and deserted , all trace of its uncanny occupants having disappeared .","[""The two countesses fled to Scotland after Harold's death, where they were well-regarded and had great possessions."", 'Retribution eventually fell on the countesses when the Norsemen invaded, leading to their castle being set on fire.', 'Earl Paul set out for the island of Hoy to ensure the dwarf did not escape, but found the dwarfie stone silent and deserted.']","[""What did the two countesses do after Harold's death?"", ""What happened to the countesses as a result of the Norsemen's invasion?"", ""What was the outcome of Earl Paul's journey to the island of Hoy?""]","[""The two countesses fled to Scotland after Harold's death."", 'Retribution eventually fell on the countesses when the Norsemen invaded, leading to their castle being set on fire.', 'Earl Paul found the dwarfie stone silent and deserted.']","['action', 'outcome resolution', 'outcome resolution']"
"his wife set out in the new steamer and sang to the sea - king . next morning thirty cows stood on the shore , all finding food for themselves . ' know'st thou , good man , that we are far too cramped on this wretched rock , and where am i to find room for so many cows ? ' ' there is nothing to be done but to pump out the sea . ' ' rubbish ! ' said his wife . ' who can pump out the sea ? ' ' try with thy new steamer , there is a pump in it . ' maie knew well that her husband was only making fun of her , but still her mind was set upon the same subject . ' i never could pump the sea out , ' thought she , ' but perhaps i might fill it up , if i were to make a big dam . i might heap up sand and stones , and make our island as big again . '","['Maie set out in the new steamer to sing to the sea-king.', 'Thirty cows appeared on the shore, and Maie was concerned about finding room for them.', ""Maie's husband suggested pumping out the sea, but she thought it was impossible."", 'Maie considered the idea of building a dam to fill the sea instead.']","['Why did Maie set out in the new steamer?', 'What was Maie concerned about regarding the thirty cows?', ""What action did Maie's husband suggest?"", 'What action did Maie consider regarding the sea?']","['To sing to the sea-king.', 'Maie was concerned about finding room for them.', 'Pumping out the sea.', 'Maie considered the idea of building a dam to fill the sea instead.']","['causal relationship', 'action', 'action', 'action']"
"i am going to tell you a story about a poor young widow woman , who lived in a house called kittlerumpit , though whereabouts in scotland the house of kittlerumpit stood nobody knows . some folk think that it stood in the neighbourhood of the debateable land , which , as all the world knows , was on the borders , where the old border reivers were constantly coming and going ; the scotch stealing from the english , and the english from the scotch . be that as it may , the widowed mistress of kittlerumpit was sorely to be pitied . for she had lost her husband , and no one quite knew what had become of him . he had gone to a fair one day , and had never come back again , and although everybody believed that he was dead , no one knew how he died . some people said that he had been persuaded to enlist , and had been killed in the wars ; others , that he had been taken away to serve as a sailor by the press - gang , and had been drowned at sea .","['The story is about a poor young widow woman living in a house called Kittlerumpit.', ""The widow's husband went to a fair one day and never returned."", ""There are various rumors about the husband's fate, including that he was killed in the wars or drowned at sea.""]","['Where does the story take place?', ""What did the widow's husband do one day?"", ""What are the actions rumored to have led to the husband's fate?""]","['The story takes place in a house called Kittlerumpit.', 'He went to a fair.', 'He was killed in the wars or drowned at sea.']","['setting', 'action', 'action']"
"in a few days she heard that a great hunt was planned , and the prince would leave the palace very early in the morning , so that his wife would be alone all day . this was a chance not to be missed , and taking her daughter with her she went up to the palace , where she had never been before . the princess was too happy in her new home to remember all that she had suffered in the old one , and she welcomed them both gladly , and gave them quantities of beautiful things to take back with them . at last she took them down to the shore to see a pleasure boat which her husband had had made for her ; and here , the woman seizing her opportunity , stole softly behind the girl and pushed her off the rock on which she was standing , into the deep water , where she instantly sank to the bottom . then she fastened the mask on her daughter , flung over her shoulders a velvet cloak , which the princess had let fall , and finally arranged a lace veil over her head .","['The prince planned a great hunt, leaving his wife alone for the day.', 'The woman took her daughter to the palace, where the princess welcomed them and gave them beautiful things.', ""The woman pushed the princess's daughter off the rock into the deep water, where she sank to the bottom.""]","['What did the prince plan to do?', 'What did the woman do with her daughter at the palace?', ""What did the woman do to the princess's daughter?""]","['The prince planned a great hunt.', 'The woman took her daughter to the palace, where the princess welcomed them and gave them beautiful things.', ""The woman pushed the princess's daughter off the rock into the deep water.""]","['action', 'action', 'action']"
"it happened once when a great feast was being held in the palace , that she said to the cook , ' can i go upstairs for a little bit and look on ? i will stand outside the doors . ' the cook replied , ' yes , you can go up , but in half - an - hour you must be back here to sweep up the ashes . ' then she took her little oil - lamp , and went into her little room , drew off her fur cloak , and washed off the soot from her face and hands , so that her beauty shone forth , and it was as if one sunbeam after another were coming out of a black cloud . then she opened the nut , and took out the dress as golden as the sun . and when she had done this , she went up to the feast , and everyone stepped out of her way , for nobody knew her , and they thought she must be a king 's daughter . but the king came towards her and gave her his hand , and danced with her , thinking to himself , ' my eyes have never beheld anyone so fair ! ' when the dance was ended , she curtseyed to him , and when the king looked round she had disappeared , no one knew whither . the guards who were standing before the palace were called and questioned , but no one had seen her .","['The girl asked the cook if she could go upstairs to look at the feast and was given permission.', 'She washed off the soot from her face and hands to reveal her beauty.', ""The girl wore a dress as golden as the sun and was mistaken for a king's daughter at the feast."", 'The king danced with her, captivated by her beauty, but she disappeared after the dance.']","['What happened after the girl asked the cook if she could go upstairs to look at the feast?', 'What did she do to reveal her beauty?', ""What was the girl's appearance that led her to be mistaken for a king's daughter at the feast?"", 'What happened to her after the dance?']","['She was given permission.', 'She washed off the soot from her face and hands.', 'The girl wore a dress as golden as the sun.', 'She disappeared after the dance.']","['outcome resolution', 'action', 'character', 'outcome resolution']"
"it made the old man laugh to see their strange antics . "" how amusing this is ! "" laughed the old man to himself "" i am now quite old , but i have never seen anything so strange in all my life . "" he was so interested and excited in watching all that the demons were doing , that he forgot himself and stepped out of the tree and stood looking on .","[""The old man found the demons' antics amusing and laughed to himself."", 'The old man was so interested in watching the demons that he forgot himself and stepped out of the tree.']","[""What did the old man do when he found the demons' antics amusing?"", 'What happened to the old man after he stepped out of the tree?']","['He laughed to himself.', 'He forgot himself.']","['action', 'outcome resolution']"
"it took some time to discover the whereabouts of the old woman , but at length it was accomplished , and when she arrived at the palace with the equerry , she was received with royal honours , as became the bride of the prince . the guards looked at each other with astonished eyes , as the wizened creature , bowed with age , passed between their lines ; but they were more amazed still at the lightness of her step as she skipped up the steps to the great door before which the king was standing , with the prince at his side . if they both felt a shock at the appearance of the aged lady they did not show it , and the king , with a grave bow , took her band , and led her to the chapel , where a bishop was waiting to perform the marriage ceremony . for the next few weeks little was seen of the prince , who spent all his days in hunting , and trying to forget the old wife at home . as for the princess , no one troubled himself about her , and she passed the days alone in her apartments , for she had absolutely declined the services of the ladies - in - waiting whom the king had appointed for her .","['The old woman was received with royal honors as the bride of the prince when she arrived at the palace.', ""The guards were astonished by the old woman's appearance and her lightness of step."", 'The king led the old woman to the chapel for the marriage ceremony with a bishop waiting.', 'The prince spent his days hunting and trying to forget his old wife, while the princess remained alone in her apartments.']","['What action was taken when the old woman arrived at the palace?', 'What action did the old woman take that astonished the guards?', 'What did the king do with the old woman?', 'What actions did the prince and princess take in the story?']","['She was received with royal honors.', 'The old woman appeared and walked lightly.', 'The king led the old woman to the chapel for the marriage ceremony.', 'The prince spent his days hunting and trying to forget his old wife, while the princess remained alone in her apartments.']","['action', 'action', 'action', 'action']"
"long , long ago , in old japan , the kingdom of the sea was governed by a wonderful king . he was called rin jin , or the dragon king of the sea . his power was immense , for he was the ruler of all sea creatures both great and small , and in his keeping were the jewels of the ebb and flow of the tide . the jewel of the ebbing tide when thrown into the ocean caused the sea to recede from the land , and the jewel of the flowing tide made the waves to rise mountains high and to flow in upon the shore like a tidal wave .","['Rin Jin, the dragon king of the sea, governed the kingdom of the sea in old Japan.', 'Rin Jin had immense power as the ruler of all sea creatures.', ""The jewels of the ebb and flow of the tide were kept by Rin Jin, which controlled the sea's behavior.""]","['Who is Rin Jin and what is his role in the kingdom of the sea?', 'What kind of power did Rin Jin have as a ruler?', 'What role does Rin Jin play in relation to the jewels and the sea?']","['Rin Jin is the dragon king of the sea, and he governed the kingdom of the sea in old Japan.', 'Rin Jin had immense power as the ruler of all sea creatures.', ""Rin Jin kept the jewels that controlled the sea's behavior.""]","['character', 'character', 'character']"
"long , long ago japan was governed by hohodemi , the fourth mikoto ( or augustness ) in descent from the illustrious amaterasu , the sun goddess . he was not only as handsome as his ancestress was beautiful , but he was also very strong and brave , and was famous for being the greatest hunter in the land . because of his matchless skill as a hunter , he was called "" yama - sachi - hiko "" or "" the happy hunter of the mountains . ""","['Hohodemi was the fourth mikoto in descent from Amaterasu, the sun goddess.', 'Hohodemi was known for his handsome appearance, strength, bravery, and unmatched hunting skills.', ""He was called 'yama-sachi-hiko' or 'the happy hunter of the mountains' due to his hunting prowess.""]","['Who was Hohodemi in relation to Amaterasu?', 'What traits is Hohodemi known for?', ""Why was he called 'yama-sachi-hiko'?""]","['Hohodemi was the fourth mikoto in descent from Amaterasu, the sun goddess.', 'Hohodemi was known for his handsome appearance, strength, bravery, and unmatched hunting skills.', ""He was called 'yama-sachi-hiko' or 'the happy hunter of the mountains' due to his hunting prowess.""]","['character', 'character', 'causal relationship']"
"maie sighed . she knew well that her husband was right , but she could not give up the idea of a cow . the buttermilk no longer tasted as good as usual in the coffee ; she thought of sweet cream and fresh butter , and of how there was nothing in the world to be compared with them . one day as matte and his wife were cleaning herring on the shore they heard prince barking , and soon there appeared a gaily painted boat with three young men in it , steering towards the rock . they were students , on a boating excursion , and wanted to get something to eat . ' bring us a junket , good mother , ' cried they to maie . ' ah ! if only i had such a thing ! ' sighed maie . ' a can of fresh milk , then , ' said the students ; ' but it must not be skim . ' ' yes , if only i had it ! ' sighed the old woman , still more deeply . ' what ! have n't you got a cow ? '","['Maie sighed because she longed for a cow despite knowing her husband was right about not needing one.', 'The students asked Maie for a junket and fresh milk, which she did not have.', 'Maie expressed her desire for fresh milk and lamented not having a cow.']","['Why did Maie sigh?', 'What did the students ask Maie for?', 'What did Maie express and lament about?']","['Maie sighed because she longed for a cow despite knowing her husband was right about not needing one.', 'The students asked Maie for a junket and fresh milk.', 'Maie expressed her desire for fresh milk and lamented not having a cow.']","['causal relationship', 'action', 'action']"
"many , many years ago there lived a good old man who had a wen like a tennis - ball growing out of his right cheek . this lump was a great disfigurement to the old man , and so annoyed him that for many years he spent all his time and money in trying to get rid of it . he tried everything he could think of . he consulted many doctors far and near , and took all kinds of medicines both internally and externally . but it was all of no use . the lump only grew bigger and bigger till it was nearly as big as his face , and in despair he gave up all hopes of ever losing it , and resigned himself to the thought of having to carry the lump on his face all his life .","['The old man had a large wen on his right cheek that disfigured him.', 'He spent many years and all his money trying to get rid of the wen.', 'Despite consulting many doctors and trying various medicines, the lump only grew larger.', 'In despair, the old man resigned himself to living with the lump for the rest of his life.']","['What physical trait disfigured the old man?', 'What did he spend many years and all his money trying to do?', 'What happened to the lump after consulting many doctors and trying various medicines?', 'What did the old man do regarding the lump?']","['A large wen on his right cheek.', 'He spent many years and all his money trying to get rid of the wen.', 'The lump only grew larger.', 'The old man resigned himself to living with the lump for the rest of his life.']","['character', 'action', 'outcome resolution', 'action']"
"no one knew what had become of them ; a few people were inclined to think that the dwarf and his raven had accompanied the countess fraukirk and the countess helga on their flight , but the greater part of the islanders held to the belief , which i think was the true one , that the powers of the air spirited snorro away , and shut him up in some unknown place as a punishment for his wickedness , and that his raven accompanied him . at any rate , he was never seen again by any living person , and wherever he went , he lost all chance of finding the magic carbuncle . as for the silent earl and his irish sweetheart , they were married as soon as earl harold 's funeral was over ; and for hundreds of years afterwards , when the inhabitants of the orkney isles wanted to express great happiness , they said , "" as happy as earl paul and the countess morna . ""","['The dwarf and his raven were believed to have accompanied Countess Fraukirk and Countess Helga on their flight.', 'Most islanders believed that Snorro was spirited away by the powers of the air as punishment for his wickedness.', ""The silent Earl and his Irish sweetheart got married after Earl Harold's funeral."", ""The inhabitants of the Orkney Isles expressed great happiness by saying, 'as happy as Earl Paul and the Countess Morna.'""]","['What action did the dwarf and his raven take regarding Countess Fraukirk and Countess Helga?', 'Why did the islanders believe that Snorro was spirited away?', ""What happened after Earl Harold's funeral?"", 'What action did the inhabitants of the Orkney Isles take to express their happiness?']","['The dwarf and his raven were believed to have accompanied Countess Fraukirk and Countess Helga on their flight.', 'Because of his wickedness.', 'The silent Earl and his Irish sweetheart got married.', ""They expressed great happiness by saying, 'as happy as Earl Paul and the Countess Morna.'""]","['action', 'causal relationship', 'outcome resolution', 'action']"
"now , it chanced that this house belonged to a tailor , and he and his two apprentices were sitting cross - legged on the top of a big table by the window , sewing away with all their might , while the tailor 's wife was sitting beside the fire carding lint . when the wee bannock came trundling across the floor , all three tailors got such a fright that they jumped down from the table and hid behind the master tailor 's wife . "" hoot , "" she said , "" what a set of cowards ye be ! it is but a nice wee bannock . get hold of it and divide it between you , and i 'll fetch you all a drink of milk . ""","['The tailor and his two apprentices were sewing on a big table when they saw the wee bannock.', ""The tailor's wife encouraged the tailors to be brave and divide the bannock among themselves."", ""The tailor's wife promised to fetch them a drink of milk if they got hold of the bannock.""]","['What were the tailor and his two apprentices doing when they saw the wee bannock?', ""What did the tailor's wife encourage the tailors to do?"", ""What did the tailor's wife promise to do if they got hold of the bannock?""]","['They were sewing on a big table.', ""The tailor's wife encouraged the tailors to be brave and divide the bannock among themselves."", 'She promised to fetch them a drink of milk.']","['action', 'action', 'action']"
"now , the king had a daughter , who was just as beautiful as her dead mother , and had just such golden hair . one day when she had grown up , her father looked at her , and saw that she was exactly like her mother , so he said to his councillors , ' i will marry my daughter to one of you , and she shall be queen , for she is exactly like her dead mother , and when i die her husband shall be king . ' but when the princess heard of her father 's decision , she was not at all pleased , and said to him , ' before i do your bidding , i must have three dresses ; one as golden as the sun , one as silver as the moon , and one as shining as the stars .","['The king decided to marry his daughter to one of his councillors so she could become queen.', ""The princess was not pleased with her father's decision and requested three special dresses before agreeing to marry.""]","['Why did the king decide to marry his daughter to one of his councillors?', 'What action did the princess take before agreeing to marry?']","['So she could become queen.', 'The princess requested three special dresses before agreeing to marry.']","['causal relationship', 'action']"
"now , when the countess fraukirk had been away upon her wicked errand , strange things were happening at the castle at kirkwall . for harold , encouraged by his brother 's absence , offered his heart and hand once more to the lady morna . once more she refused him , and in order to make sure that the scene should not be repeated , she told him that she had plighted her troth to his brother . when he heard that this was so , rage and fury were like to devour him . mad with anger , he rushed from her presence , flung himself upon his horse , and rode away in the direction of the sea shore . while he was galloping wildly along , his eyes fell on the snow - clad hills of hoy rising up across the strip of sea that divided the one island from the other . and his thoughts flew at once to snorro the dwarf , who he had had occasion , as well as his step - aunt , to visit in bygone days . "" i have it , "" he cried . "" stupid fool that i was not to think of it at once . i will go to snorro , and buy from him a love - potion , which will make my lady morna hate my precious brother and turn her thoughts kindly towards me . ""","['Harold offered his heart and hand to Lady Morna, but she refused him.', 'Lady Morna told Harold that she had plighted her troth to his brother.', 'Harold, mad with anger, decided to go to Snorro the dwarf to buy a love potion.']","['What happened after Harold offered his heart and hand to Lady Morna?', 'What did Lady Morna tell Harold?', 'What did Harold decide to do when he was mad with anger?']","['She refused him.', 'Lady Morna told Harold that she had plighted her troth to his brother.', 'Harold decided to go to Snorro the dwarf to buy a love potion.']","['outcome resolution', 'action', 'action']"
"now for a time the dragon king and his bride lived very happily . they loved each other dearly , and the bridegroom day after day took delight in showing his bride all the wonders and treasures of his coral palace , and she was never tired of wandering with him through its vast halls and gardens . life seemed to them both like a long summer 's day . two months passed in this happy way , and then the dragon queen fell ill and was obliged to stay in bed . the king was sorely troubled when he saw his precious bride so ill , and at once sent for the fish doctor to come and give her some medicine . he gave special orders to the servants to nurse her carefully and to wait upon her with diligence , but in spite of all the nurses ' assiduous care and the medicine that the doctor prescribed , the young queen showed no signs of recovery , but grew daily worse .","['The dragon king and his bride lived happily together in the coral palace.', 'The dragon queen fell ill and had to stay in bed.', 'The dragon king sent for the fish doctor to help his ill bride.', ""Despite the nurses' care and the doctor's medicine, the young queen's condition worsened.""]","['What did the dragon king and his bride do in the coral palace?', 'What happened to the dragon queen as a result of her falling ill?', 'Why did the dragon king send for the fish doctor?', ""What happened to the young queen's condition despite the nurses' care and the doctor's medicine?""]","['They lived happily together.', 'She had to stay in bed.', 'The dragon king sent for the fish doctor to help his ill bride.', ""The young queen's condition worsened.""]","['action', 'outcome resolution', 'causal relationship', 'outcome resolution']"
"now next door to this good old couple there lived a wicked and disagreeable old man . he , too , had for many years been troubled with the growth of a wen on his left cheek , and he , too , had tried all manner of things to get rid of it , but in vain .","['There lived a wicked and disagreeable old man next door to a good old couple.', 'The wicked old man had been troubled with the growth of a wen on his left cheek for many years.', 'The wicked old man tried various methods to get rid of the wen, but none were successful.']","['What are the traits of the old man who lived next door?', 'What action did the wicked old man take regarding the growth of the wen on his left cheek?', 'What methods did the wicked old man try to get rid of the wen?']","['The old man was wicked and disagreeable.', 'The sentence does not specify any actions taken by the wicked old man regarding the growth of the wen.', 'The wicked old man tried various methods to get rid of the wen.']","['character', 'action', 'action']"
"now the rich neighbor got together as many mowers as ever he could ; but the poor one could not hire a single man . at last he despaired altogether and wept , because he did not know how he could manage to get so much as a bit of hay for the cow .","['The rich neighbor gathered as many mowers as he could.', 'The poor neighbor could not hire a single man to help him.', 'The poor neighbor despaired and wept because he could not manage to get hay for his cow.']","['What did the rich neighbor do?', 'What action could the poor neighbor not take?', 'Why did the poor neighbor despair and weep?']","['The rich neighbor gathered as many mowers as he could.', 'The poor neighbor could not hire a single man to help him.', 'Because he could not manage to get hay for his cow.']","['action', 'action', 'causal relationship']"
"now the skillful fisher had used the lost hook as an excuse for driving his brother out of the country . when his brother had left him that day three years ago , and had not returned , he had been very glad in his evil heart and had at once usurped his brother 's place as ruler of the land , and had become powerful and rich . now in the midst of enjoying what did not belong to him , and hoping that his brother might never return to claim his rights , quite unexpectedly there stood the happy hunter before him .","['The skillful fisher used the lost hook as an excuse to drive his brother out of the country.', ""The fisher usurped his brother's place as ruler and became powerful and rich after his brother left."", 'The happy hunter unexpectedly returned to confront the fisher.']","['Why did the skillful fisher drive his brother out of the country?', ""What action did the fisher take regarding his brother's position?"", 'What happens when the happy hunter returns to confront the fisher?']","['He used the lost hook as an excuse.', ""The fisher usurped his brother's place as ruler."", 'The sentence does not provide information about what happens next after the hunter confronts the fisher.']","['causal relationship', 'action', 'outcome resolution']"
"now when the merchant had discharged his cargo in foreign parts and had reloaded , and had bought what his servants had desired , he went back to his ship , and was about to shove off . not until then did he remember that the scullion had given him a four - shilling piece , with which to buy him something . "" must i go up to the city again because of this four - shilling piece ? one only has one 's troubles when one bothers with such truck , "" thought the merchant . then along came a woman with a bag on her back . "" what have you in your bag , granny ? "" asked the merchant . "" o , it is only a cat ! i can feed her no longer , and so i want to throw her into the sea in order to get rid of her , "" said the old woman . "" the boy told me to buy whatever i could get for the four - shilling piece , "" said the merchant to himself , and asked the woman whether he could have her cat for four shillings . the woman agreed without delay , and the bargain was closed .","['The merchant remembered he needed to buy something for the scullion with the four-shilling piece.', 'The old woman wanted to throw her cat into the sea because she could no longer feed it.', 'The merchant decided to buy the cat from the old woman for four shillings.']","['What did the merchant remember he needed to buy for the scullion?', 'Why did the old woman want to throw her cat into the sea?', 'What happens after the merchant buys the cat from the old woman?']","['Something for the scullion.', 'Because she could no longer feed it.', 'The merchant acquires the cat.']","['action', 'causal relationship', 'outcome resolution']"
"now when the merchant had sailed on for a while , a terrible storm broke loose , a thunderstorm without an equal , and he drifted and drifted , and did not know where or whither . at last he came to a land where he had never yet been , and went up into the city . in the tavern which he entered the table was set , and at every place lay a switch , one for each guest . this seemed strange to the merchant , for he could not understand what was to be done with all the switches . yet he sat down and thought : "" i will watch carefully , and see just what the rest do with them , and then i can imitate them . "" yes , and when the food came on the table , then he knew why the switches were there : the place was alive with thousands of mice , and all who were sitting at the table had to work and fight and beat about them with their switches , and nothing could be heard but the slapping of the switches , one worse than the other . sometimes people hit each other in the face , and then they had to take time to say , "" excuse me ! ""","['The merchant encountered a terrible storm while sailing and ended up in an unfamiliar land.', 'In the tavern, the merchant noticed that each guest had a switch at their place.', 'The switches were used to fight off thousands of mice that invaded the dining area.']","['What happened to the merchant as a result of the storm?', 'What did the merchant notice about the guests in the tavern?', 'What action was taken to fight off the mice that invaded the dining area?']","['The merchant ended up in an unfamiliar land.', 'The merchant noticed that each guest had a switch at their place.', 'The switches were used to fight off thousands of mice that invaded the dining area.']","['outcome resolution', 'action', 'action']"
"now when the merchant was out at sea again , he considered how much the boy had gained with the four - shilling piece he had given him . "" well , he shall have some of the money , "" said the merchant to himself , "" but not all of it . for he has to thank me for the cat , which i bought for him , and charity begins at home . "" but while the merchant was thinking these thoughts , such a storm and tempest arose that all thought the ship would sink . then the merchant realized that there was nothing left for him to do but to promise that the boy should have all the money . no sooner had he made his vow , than the weather turned fair , and he had a favoring wind for his journey home . and when he landed , he gave the youth the six hundred dollars and his daughter to boot . for now the scullion was as rich as the merchant himself and richer , and thereafter he lived in splendor and happiness . and he took in his mother and treated her kindly . "" for i do not believe that charity begins at home , "" said the youth .","['The merchant initially decided to give the boy some money but not all of it because he felt the boy should thank him for the cat.', 'A storm arose at sea, prompting the merchant to promise the boy all the money.', 'After making his vow, the weather turned fair, allowing the merchant to return home safely.', 'The merchant gave the youth six hundred dollars and his daughter, making the youth as rich as the merchant.']","['Why did the merchant decide to give the boy only some of the money?', 'What did the storm at sea prompt the merchant to do?', 'What happened after the merchant made his vow?', 'What did the merchant give to the youth?']","['The merchant felt the boy should thank him for the cat.', 'The storm prompted the merchant to promise the boy all the money.', 'The weather turned fair, allowing the merchant to return home safely.', 'The merchant gave the youth six hundred dollars and his daughter.']","['causal relationship', 'outcome resolution', 'outcome resolution', 'action']"
"of course he was overjoyed to meet lady morna again , and she was overjoyed to meet him , for she felt that she was now safe from the unwelcome attentions of earl harold . but to earl harold the sight of their joy was as gall and bitterness , and he could scarcely contain himself , although he still trusted in the efficacy of snorro the dwarf 's love - potion . as for countess fraukirk and countess helga , they looked forward eagerly to the time when the magic web would arrive , out of which they hoped to fashion a fatal gift for earl paul . at last , the day before christmas eve , the two wicked women were sitting in the countess helga 's chamber talking of the time when earl harold would rule alone in orkney , when a tap came to the window , and on looking round they saw dwarf snorro 's grey - headed raven perched on the sill , a sealed packet in its beak .","[""Lady Morna was overjoyed to meet the protagonist again, feeling safe from Earl Harold's attentions."", 'Earl Harold felt bitterness upon seeing the joy between Lady Morna and the protagonist.', 'Countess Fraukirk and Countess Helga were eagerly anticipating the arrival of a magic web to create a fatal gift for Earl Paul.', ""Dwarf Snorro's grey-headed raven arrived at Countess Helga's chamber with a sealed packet in its beak.""]","['How did Lady Morna feel about meeting the protagonist again?', 'What emotion did Earl Harold feel upon seeing the joy between Lady Morna and the protagonist?', 'What were Countess Fraukirk and Countess Helga eagerly anticipating?', ""What did Dwarf Snorro's grey-headed raven do when it arrived at Countess Helga's chamber?""]","[""Lady Morna was overjoyed to meet the protagonist again, feeling safe from Earl Harold's attentions."", 'Earl Harold felt bitterness.', 'The arrival of a magic web.', ""The raven arrived at Countess Helga's chamber with a sealed packet in its beak.""]","['feeling', 'feeling', 'action', 'action']"
"on they went , on and on and one , till they reached a cottage which was thatched with heather . with a bound the deer sprang on the roof , and lay down where none could see her , but as she did so she called out , ' go in , fisher 's son , and eat and drink while you may . ' so he entered and found food and wine on the table , but no man , for the house belonged to some robbers , who were still away at their wicked business . after ian , the fisher 's son , had eaten all he wanted , he hid himself behind a great cask , and very soon he heard a noise , as of men coming through the heather , and the small twigs snapping under their feet . from his dark corner he could see into the room , and he counted four and twenty of them , all big , cross - looking men . ' some one has been eating our dinner , ' cried they , ' and there was hardly enough for ourselves . '","['The deer sprang onto the roof of the cottage and told Ian to go in and eat and drink.', 'Ian found food and wine on the table but no one was home because the cottage belonged to robbers.', 'Ian hid behind a great cask after eating and heard the robbers coming back.', 'The robbers were angry because someone had eaten their dinner.']","['What did the deer do when it reached the roof of the cottage?', 'Why was no one home when Ian found food and wine on the table?', 'What did Ian do after eating?', 'Why were the robbers angry?']","['The deer sprang onto the roof of the cottage and told Ian to go in and eat and drink.', 'No one was home because the cottage belonged to robbers.', 'Ian hid behind a great cask after eating.', 'Because someone had eaten their dinner.']","['action', 'causal relationship', 'action', 'causal relationship']"
"once upon a time there lived near a forest a man and his wife and two girls ; one girl was the daughter of the man , and the other the daughter of his wife ; and the man 's daughter was good and beautiful , but the woman 's daughter was cross and ugly . however , her mother did not know that , but thought her the most bewitching maiden that ever was seen .","['A man and his wife lived near a forest with two daughters.', ""The man's daughter was good and beautiful, while the wife's daughter was cross and ugly."", 'The wife believed her daughter to be the most bewitching maiden despite her true nature.']","['Who are the characters mentioned in the sentence?', ""What are the traits of the man's daughter?"", 'What did the wife believe about her daughter?']","['A man, his wife, and their two daughters.', ""The man's daughter was good and beautiful."", 'The wife believed her daughter to be the most bewitching maiden despite her true nature.']","['character', 'character', 'action']"
"once upon a time there was a big wedding at a certain farmstead , and a certain cottager was on his way to the wedding - feast . as he chanced to cross a field , he found a milk - strainer , such as are usually made of cows ' tails , and looking just like an old brown rag . he picked it up , for he thought it could be washed , and then he would give it to his wife for a dish - rag . but when he came to the house where they were celebrating the wedding , it seemed as though no one saw him . the bride and groom nodded to the rest of the guests , they spoke to them and poured for them ; but he got neither greeting nor drink . then the chief cook came and asked the other folk to sit down to the table ; but he was not asked , nor did he get anything to eat . for he did not care to sit down of his own accord when no one had asked him . at last he grew angry and thought : "" i might as well go home , for not a soul pays a bit of attention to me here . "" when he reached home , he said : "" good evening , here i am back again . ""","['A cottager found a milk-strainer while crossing a field on his way to a wedding feast.', 'At the wedding, the cottager was ignored by the bride, groom, and other guests.', 'The cottager grew angry and decided to go home because no one paid attention to him.']","['What did the cottager find while crossing a field?', 'What was the consequence of the cottager being ignored by the bride, groom, and other guests at the wedding?', 'What did the cottager decide to do because no one paid attention to him?']","['A milk-strainer.', 'The cottager likely felt excluded or disappointed.', 'The cottager decided to go home.']","['action', 'outcome resolution', 'outcome resolution']"
"once upon a time there was a fisherman , who lived near the king 's castle , and caught fish for the king 's table . one day when he had gone fishing , he could not catch a thing . try as he might , no matter how he baited or flung , not the tiniest fish would bite ; but when this had gone on for a while , a head rose from the water and said : "" if you will give me the first new thing that has come into your house , you shall catch fish a - plenty ! "" then the man agreed quickly , for he could think of no new thing that might have come into the house . so he caught fish all day long , and as many as he could wish for , as may well be imagined .","[""The fisherman lived near the king's castle and caught fish for the king's table."", 'The fisherman could not catch any fish despite trying various methods.', 'A head rose from the water and offered the fisherman a deal to catch plenty of fish in exchange for the first new thing that came into his house.']","['Where did the fisherman live?', ""What was the outcome of the fisherman's attempts to catch fish?"", 'What deal did the head offer to the fisherman?']","[""The fisherman lived near the king's castle."", 'The fisherman could not catch any fish.', 'The head offered the fisherman a deal to catch plenty of fish in exchange for the first new thing that came into his house.']","['setting', 'outcome resolution', 'action']"
"once upon a time there was a poor woman , who lived in a wretched hut far away from the village . she had but little to bite and less to burn , so she sent her little boy to the forest to gather wood . he skipped and leaped , and leaped and skipped , in order to keep warm , for it was a cold , gray autumn day , and whenever he had gathered a root or a branch to add to his bundle , he had to slap his arms against his shoulders , for the cold made his hands as red as the whortleberry bushes over which he walked . when he had filled his barrow , and was wandering homeward , he crossed a field of stubble . there he saw lying a jagged white stone . "" o , you poor old stone , how white and pale you are ! you must be freezing terribly ! "" said the boy ; took off his jacket , and laid it over the stone . and when he came back home with his wood , his mother asked him how it was that he was going around in the autumn cold in his shirt - sleeves . he told her that he had seen a jagged old stone , quite white and pale with the frost , and that he had given it his jacket . "" you fool , "" said the woman , "" do you think a stone can freeze ? and even if it had chattered with frost , still , charity begins at home . your clothes cost enough as it is , even when you do n't hang them on the stones out in the field!""--and with that she drove the boy out again to fetch his jacket . when he came to the stone , the stone had turned around , and had raised itself from the ground on one side .","['The boy gathered wood in the cold forest to help his poor mother.', 'The boy showed kindness by giving his jacket to a jagged white stone he thought was freezing.', 'The mother scolded the boy for giving his jacket to a stone and sent him back to retrieve it.']","['Why did the boy gather wood in the cold forest?', 'What action did the boy take to show kindness?', 'What did the mother do after the boy gave his jacket to a stone?']","['To help his poor mother.', 'The boy showed kindness by giving his jacket to a jagged white stone he thought was freezing.', 'The mother scolded the boy for giving his jacket to a stone and sent him back to retrieve it.']","['causal relationship', 'action', 'outcome resolution']"
"one day the firewood gave out in his kitchen , so , as his wife wanted some at once , the old man took his ax and set out for the woods up among the hills not very far from his home . it was a fine day in the early autumn , and the old man enjoyed the fresh air and was in no hurry to get home . so the whole afternoon passed quickly while he was chopping wood , and he had collected a goodly pile to take back to his wife . when the day began to draw to a close , he turned his face homewards .","['The old man went to the woods to collect firewood for his wife.', 'He enjoyed the fresh air and took his time chopping wood.', 'The old man collected a good pile of wood before turning homewards as the day began to close.']","['Why did the old man go to the woods?', 'What actions did he take while enjoying the fresh air?', 'What did the old man do before turning homewards?']","['To collect firewood for his wife.', 'He took his time chopping wood.', 'The old man collected a good pile of wood.']","['causal relationship', 'action', 'action']"
"one day the happy hunter came to his brother , the skillful fisher , and said : "" well , my brother , i see you go to the sea every day with your fishing rod in your hand , and when you return you come laden with fish . and as for me , it is my pleasure to take my bow and arrow and to hunt the wild animals up the mountains and down in the valleys . for a long time we have each followed our favorite occupation , so that now we must both be tired , you of your fishing and i of my hunting . would it not be wise for us to make a change ? will you try hunting in the mountains and i will go and fish in the sea ? ""","['The happy hunter suggested to his brother, the skillful fisher, that they should switch their occupations.', 'The hunter proposed that he would try fishing in the sea while the fisher would go hunting in the mountains.']","['What did the happy hunter suggest to his brother?', 'What action does the hunter propose to take?']","['The happy hunter suggested to his brother that they should switch their occupations.', 'The hunter proposed that he would try fishing in the sea.']","['action', 'action']"
"one day the man called to his daughter and bade her come with him into the forest to cut wood . they worked hard all day , but in spite of the chopping they were very cold , for it rained heavily , and when they returned home , they were wet through . then , to his vexation , the man found that he had left his axe behind him , and he knew that if it lay all night in the mud it would become rusty and useless . so he said to his wife : ' i have dropped my axe in the forest , bid your daughter go and fetch it , for mine has worked hard all day and is both wet and weary . '","['The man and his daughter worked hard in the forest to cut wood but were very cold and wet due to heavy rain.', 'The man realized he had left his axe behind in the forest and was worried it would become rusty and useless if left overnight.']","['What happened to the man and his daughter as a result of working hard in the forest during heavy rain?', ""What happens to the man's axe if he leaves it in the forest overnight?""]","['They were very cold and wet due to heavy rain.', 'It will become rusty and useless.']","['outcome resolution', 'outcome resolution']"
"one night the prince returned after a longer chase than usual , and he was so tired that he went up straight to bed . suddenly he was awakened by a strange noise in the room , and suspecting that a robber might have stolen in , he jumped out of bed , and seized his sword , which lay ready to his hand . then he perceived that the noise proceeded from the next room , which belonged to the princess , and was lighted by a burning torch . creeping softly to the door , he peeped through it , and beheld her lying quietly , with a crown of gold and pearls upon her head , her wrinkles all gone , and her face , which was whiter than the snow , as fresh as that of a girl of fourteen . could that really be his wife -- that beautiful , beautiful creature ? the prince was still gazing in surprise when the lady opened her eyes and smiled at him . ' yes , i really am your wife , ' she said , as if she had guessed his thoughts , ' and the enchantment is ended . now i must tell you who i am , and what befell to cause me to take the shape of an old woman . '","['The prince returned home tired after a long chase and went straight to bed.', 'The prince was awakened by a strange noise and suspected a robber.', 'The prince saw the princess lying in the next room, looking young and beautiful, with a crown of gold and pearls.', 'The princess revealed to the prince that the enchantment was ended and that she would explain her true identity.']","['What did the prince do after returning home?', 'What caused the prince to suspect a robber?', 'What did the prince do when he saw the princess?', 'What did the princess reveal to the prince?']","['He went straight to bed.', 'A strange noise awakened the prince.', 'The prince saw the princess lying in the next room.', 'The princess revealed to the prince that the enchantment was ended and that she would explain her true identity.']","['action', 'causal relationship', 'action', 'action']"
"she agreed willingly . hiding her rosy face on his shoulder , she confessed that she had loved him from the very first day that she had seen him ; and ever since that moment she had determined that , if she could not we d him , she would we d no other man . for a little time they sat together , rejoicing in their new - found happiness . then earl paul sprang to his feet . "" let us go and tell the good news to my mother and my brother , "" he said . "" harold may be disappointed at first , for i know , sweetheart , he would fain have had thee for his own . but his good heart will soon overcome all that , and he will rejoice with us also . "" but the lady morna shook her head . she knew , better than her lover , what earl harold 's feeling would be ; and she would fain put off the evil hour .","['Lady Mornag confessed that she had loved Earl Paul from the very first day she saw him.', 'Earl Paul wanted to share the good news of their love with his mother and brother.', ""Lady Mornag was concerned about Earl Harold's feelings and wanted to delay telling him.""]","['What did Lady Mornag confess about her feelings for Earl Paul?', 'Why did Earl Paul want to share the good news of their love?', 'Why did Lady Mornag want to delay telling Earl Harold?']","['Lady Mornag confessed that she had loved Earl Paul from the very first day she saw him.', 'Earl Paul wanted to share the good news of their love with his mother and brother.', ""Lady Mornag was concerned about Earl Harold's feelings.""]","['action', 'causal relationship', 'causal relationship']"
"she had run to her little room and had quickly taken off her dress , made her face and hands black , put on the fur cloak , and was once more the many - furred creature . when she came into the kitchen and was setting about her work of sweeping the ashes together , the cook said to her , ' let that wait till to - morrow , and just cook the king 's soup for me ; i want to have a little peep at the company upstairs ; but be sure that you do not let a hair fall into it , otherwise you will get nothing to eat in future ! ' so the cook went away , and the many - furred creature cooked the soup for the king . she made a bread - soup as well as she possibly could , and when it was done , she fetched her gold ring from her little room , and laid it in the tureen in which the soup was to be served up .","['The many-furred creature quickly changed her appearance by taking off her dress and putting on a fur cloak.', ""The cook instructed the many-furred creature to cook the king's soup and warned her not to let a hair fall into it."", 'The many-furred creature cooked a bread-soup for the king and placed her gold ring in the tureen.']","['What action did the many-furred creature take to change her appearance?', 'What did the cook instruct the many-furred creature to do?', 'What did the many-furred creature do for the king and what did she place in the tureen?']","['The many-furred creature quickly changed her appearance by taking off her dress and putting on a fur cloak.', ""The cook instructed the many-furred creature to cook the king's soup."", 'The many-furred creature cooked a bread-soup for the king and placed her gold ring in the tureen.']","['action', 'action', 'action']"
"she raised it to her lips , but she only made a pretence at drinking , for she had seen the hated earl fingering the cup , and she feared some deed of treachery . when he had gone back to his seat she managed to pour the whole of the wine on the floor , and smiled to herself at the look of satisfaction that came over harold 's face as she put down the empty cup . his satisfaction increased , for from that moment she felt so afraid of him that she treated him with great kindness , hoping that by doing so she would keep in his good graces until the court moved to orphir , and her own true love could protect her . harold , on his side , was delighted with her graciousness , for he felt certain that the charm was beginning to work , and that his hopes would soon be fulfilled . a week later the court removed to the royal palace at orphir , where earl paul had everything in readiness for the reception of his guests .","['The woman pretended to drink from the cup because she feared treachery from the earl.', ""She poured the wine on the floor while smiling at Harold's satisfaction."", 'The woman treated Harold with great kindness to keep in his good graces until her true love could protect her.', 'The court moved to the royal palace at Orphir, where Earl Paul had everything ready for the guests.']","['Why did the woman pretend to drink from the cup?', ""What action did she take while smiling at Harold's satisfaction?"", 'Why did the woman treat Harold with great kindness?', 'Where did the court move to for the guests?']","['Because she feared treachery from the earl.', 'She poured the wine on the floor.', 'To keep in his good graces until her true love could protect her.', 'The court moved to the royal palace at Orphir.']","['causal relationship', 'action', 'causal relationship', 'setting']"
"she stood and looked at the dying creature for some minutes , rocking to and fro and muttering to herself in words which the widow could not understand ; at least , she could only understand four of them , and they sounded something like this : "" pitter - patter , haly water . "" then she put her hand into her pocket and drew out a tiny bottle with a liquid that looked like oil in it . she took the cork out , and dropped one of her long lady - like fingers into it ; then she touched the pig on the snout and on his ears , and on the tip of his curly tail . no sooner had she done so than up the beast jumped , and , with a grunt of contentment , ran off to its trough to look for its breakfast .","['The woman stood and looked at the dying creature, muttering to herself.', 'She took out a tiny bottle with a liquid that looked like oil.', 'After touching the pig with her finger dipped in the liquid, the pig jumped up and ran off to look for its breakfast.']","['What did the woman do while looking at the dying creature?', 'What did she take out?', 'What happened after the pig was touched with her finger dipped in the liquid?']","['The woman stood and looked at the dying creature, muttering to herself.', 'She took out a tiny bottle with a liquid that looked like oil.', 'The pig jumped up and ran off to look for its breakfast.']","['action', 'action', 'outcome resolution']"
"snorro saw that he was in earnest , so without a word he entered his dwelling , and in a few minutes returned with a small phial in his hand , which was full of a rosy liquid . "" pour the contents of this into the lady morna 's wine - cup , "" he said , "" and i warrant thee that before four - and - twenty hours have passed she will love thee better than thou lovest her now . "" then he waved his hand , as if to dismiss his visitor , and disappeared into his dwelling - place . earl harold made all speed back to the castle ; but it was not until one or two days had elapsed that he found a chance to pour the love - potion into the lady morna 's wine - cup . but at last , one night at supper , he found an opportunity of doing so , and , waving away the little page - boy , he handed it to her himself .","[""Snorro gave Earl Harold a phial of rosy liquid to pour into Lady Morna's wine-cup."", ""Earl Harold took one or two days to find a chance to pour the love potion into Lady Morna's wine-cup."", 'Earl Harold handed the wine-cup to Lady Morna himself during supper.']","[""What did Snorro give to Earl Harold to pour into Lady Morna's wine-cup?"", 'What did Earl Harold take one or two days to do?', 'What did Earl Harold do during supper?']","['A phial of rosy liquid.', ""Find a chance to pour the love potion into Lady Morna's wine-cup."", 'Earl Harold handed the wine-cup to Lady Morna himself during supper.']","['action', 'action', 'action']"
"so he ordered a hundred armored soldiers , with bows and swords , to surround the house of the youth , and under all circumstances to take molo captive . but molo drew his dagger and flew up the high wall . thence he looked about him like a hawk . the arrows flew as thick as rain , but not one hit him . and in a moment he had disappeared , no one knew where . yet ten years later one of his former master 's servants ran across him in the south , where he was selling medicine . and he looked exactly as he had looked ten years before .","[""The king ordered a hundred armored soldiers to surround the youth's house and capture Molo."", 'Molo drew his dagger and flew up the high wall to escape.', ""Ten years later, a servant of Molo's former master found him in the south selling medicine, and he looked exactly the same as he did ten years before.""]","['What did the king order the soldiers to do?', 'What did Molo do to escape?', 'What happens after the servant finds Molo selling medicine in the south?']","[""The king ordered a hundred armored soldiers to surround the youth's house and capture Molo."", 'Molo drew his dagger and flew up the high wall to escape.', 'The sentence does not provide information about what happens next after the servant finds Molo.']","['action', 'action', 'outcome resolution']"
"so jock ran into the dark corner behind the chair ; but , in his hurry , he tripped and fell , and the wee bannock jumped over him and flew laughing out at the door . through the whins and up the hillside it ran , and over the top of the hill , to a shepherd 's cottage on the other side . the inmates were just sitting down to their porridge , and the goodwife was scraping the pan . "" save us and help us , "" she exclaimed , stopping with the spoon half - way to her mouth . "" there 's a wee bannock come in to warm itself at our fireside . "" "" sneck the door , "" cried the husband , "" and we 'll try to catch it . it would come in handy after the porridge . ""","['Jock ran into a dark corner but tripped and fell, allowing the wee bannock to escape.', ""The wee bannock jumped over Jock and flew out the door, heading towards a shepherd's cottage."", 'The goodwife at the cottage noticed the wee bannock and exclaimed for help.', 'The husband suggested to close the door to try to catch the wee bannock.']","['What happened as a result of Jock tripping and falling?', 'Where did the wee bannock fly towards?', 'What did the goodwife at the cottage do when she noticed the wee bannock?', 'What did the husband suggest to do?']","['The wee bannock escaped.', ""The wee bannock flew towards a shepherd's cottage."", 'She exclaimed for help.', 'The husband suggested to close the door.']","['outcome resolution', 'setting', 'action', 'action']"
"so she jumped up with her lint and her lint cards , and the tailor jumped up with his great shears , and one apprentice grasped the line measure , while another took up the saucer full of pins ; and they all tried to catch the wee bannock . but it dodged them round and round the fire , and at last it got safely out of the door and ran down the road , with one of the apprentices after it , who tried to snip it in two with his shears . it ran too quickly for him , however , and at last he stopped and went back to the house , while the wee bannock ran on until it came to a tiny cottage by the roadside . it trundled in at the door , and there was a weaver sitting at his loom , with his wife beside him , winding a clue of yarn .","['The tailor and his apprentices tried to catch the wee bannock as it dodged around the fire.', 'One apprentice chased the wee bannock but eventually stopped and returned to the house.', 'The wee bannock ran to a tiny cottage by the roadside where a weaver and his wife were working.']","['What did the tailor and his apprentices try to do?', 'What happened after the apprentice chased the wee bannock?', 'Where did the wee bannock run?']","['They tried to catch the wee bannock as it dodged around the fire.', 'The apprentice eventually stopped and returned to the house.', 'To a tiny cottage by the roadside.']","['action', 'outcome resolution', 'setting']"
"so the boy had to go out into the wide world , and wandered about far and near looking for service . but wherever he went people found him too small or too weak , and said that they could make no use of him . at last he came to a merchant . there they kept him to work in the kitchen , and he had to fetch wood and water for the cook . when he had been there for some time , the merchant decided to journey to far countries , and asked all his servants what he should buy and bring back home for them . after all had told him what they wanted , came the turn of the little fellow who carried wood and water for the kitchen . he handed him his four - shilling piece . "" well , and what am i to buy for it ? "" asked the merchant . "" it will not be a large purchase . "" "" buy whatever it will bring , it is honest money , that i know , "" said the boy . his master promised to do so , and sailed away .","['The boy wandered far and near looking for work but was deemed too small and weak.', 'The boy was eventually hired by a merchant to work in the kitchen.', 'The merchant asked his servants what they wanted him to buy on his journey, and the boy gave him his four-shilling piece.']","[""What was the outcome of the boy's search for work?"", 'What happened to the boy after he was hired by the merchant?', 'What did the boy give to the merchant?']","['He was deemed too small and weak.', 'He worked in the kitchen.', 'The boy gave him his four-shilling piece.']","['outcome resolution', 'outcome resolution', 'action']"
"so the gallows was built upon a high platform , and the fisher 's son mounted the steps up to it , and turned at the top to make the speech that was expected from every doomed man , innocent or guilt . as he spoke he happened to raise his arm , and the king 's daughter , who was there at her father 's side , saw the name which she had written under it . with a shriek she sprang from her seat , and the eyes of the spectators were turned towards her . ' stop ! stop ! ' she cried , hardly knowing what she said . ' if that man is hanged there is not a soul in the kingdom but shall die also . ' and running up to where the fisher 's son was standing , she took him by the hand , saying , ' father , this is no robber or murderer , but the victor in the three races , and he loosed the spells that were laid upon me . '","[""The fisher's son mounted the gallows to make a speech expected from condemned men."", ""The king's daughter recognized the name she had written and intervened to stop the execution."", ""The princess revealed that the fisher's son was not a criminal but the victor in the three races who had broken the spells on her.""]","[""Why did the fisher's son mount the gallows?"", ""What action did the king's daughter take to stop the execution?"", ""What did the princess reveal about the fisher's son?""]","['To make a speech expected from condemned men.', ""The king's daughter intervened to stop the execution."", ""The princess revealed that the fisher's son was not a criminal but the victor in the three races who had broken the spells on her.""]","['causal relationship', 'action', 'action']"
"so the matter was settled by this talk , and the two brothers each started out to try the other 's occupation , little dreaming of all that would happen . it was very unwise of them , for the happy hunter knew nothing of fishing , and the skillful fisher , who was bad tempered , knew as much about hunting .","[""The two brothers decided to try each other's occupations."", 'The happy hunter knew nothing about fishing.', 'The skillful fisher, who was bad-tempered, knew nothing about hunting.']","['What did the two brothers decide to do?', 'What did the happy hunter know about fishing?', 'What is a trait of the skillful fisher?']","[""The two brothers decided to try each other's occupations."", 'The happy hunter knew nothing about fishing.', 'The skillful fisher was bad-tempered.']","['action', 'character', 'character']"
"so the old woman continued , ' the most beautiful woman in the whole world is the daughter of the queen of the flowers , who has been captured by a dragon . if you wish to marry her , you must first set her free , and this i will help you to do . i will give you this little bell : if you ring it once , the king of the eagles will appear ; if you ring it twice , the king of the foxes will come to you ; and if you ring it three times , you will see the king of the fishes by your side . these will help you if you are in any difficulty . now farewell , and heaven prosper your undertaking . ' she handed him the little bell , and there disappeared hut and all , as though the earth had swallowed her up .","['The old woman revealed that the most beautiful woman in the world is the daughter of the queen of the flowers, who has been captured by a dragon.', 'The old woman gave the hero a little bell to summon help from the kings of the eagles, foxes, and fishes.', 'The old woman disappeared after handing the bell to the hero.']","['What did the old woman reveal?', 'What did the old woman give to the hero?', 'What happened to the old woman after she handed the bell to the hero?']","['The most beautiful woman in the world is the daughter of the queen of the flowers, who has been captured by a dragon.', 'The old woman gave the hero a little bell.', 'The old woman disappeared.']","['action', 'action', 'outcome resolution']"
"the bystanders told the farmer that he ought to give the bonze one of the smaller pears and let him go . but the farmer would not and did not . an artisan saw the whole affair from his shop , and since the noise annoyed him , he took some money , bought a pear and gave it to the bonze . the bonze thanked him and said : "" one like myself , who has given up the world , must not be miserly . i have beautiful pears myself , and i invite you all to eat them with me . "" then some one asked : "" if you have pears then why do you not eat your own ? "" he answered : "" i first must have a seed to plant . ""","['The bystanders suggested that the farmer should give the bonze one of the smaller pears.', 'An artisan bought a pear and gave it to the bonze because the noise annoyed him.', 'The bonze invited everyone to eat his beautiful pears after receiving the gift.', 'The bonze explained that he needed a seed to plant before he could eat his own pears.']","['What did the bystanders suggest the farmer should do?', 'Why did the artisan give the pear to the bonze?', 'What did the bonze do after receiving the gift?', 'What did the bonze need to do before he could eat his own pears?']","['The bystanders suggested that the farmer should give the bonze one of the smaller pears.', 'Because the noise annoyed him.', 'The bonze invited everyone to eat his beautiful pears after receiving the gift.', 'He needed to plant a seed.']","['action', 'causal relationship', 'action', 'action']"
"the chief steward thought for some time , and then , as if struck by a sudden thought , said joyfully : "" i know what we must do ! there is the kurage ( jelly fish ) . he is certainly ugly to look at , but he is proud of being able to walk on land with his four legs like a tortoise . let us send him to the island of monkeys to catch one . "" the jelly fish was then summoned to the king 's presence , and was told by his majesty what was required of him . the jelly fish , on being told of the unexpected mission which was to be intrusted to him , looked very troubled , and said that he had never been to the island in question , and as he had never had any experience in catching monkeys he was afraid that he would not be able to get one .","['The chief steward suggested sending the jellyfish to the island of monkeys to catch one.', 'The jellyfish felt troubled about the mission because he had never been to the island and lacked experience in catching monkeys.']","['What did the chief steward suggest doing with the jellyfish?', 'Why did the jellyfish feel troubled about the mission?']","['The chief steward suggested sending the jellyfish to the island of monkeys to catch one.', 'The jellyfish felt troubled about the mission because he had never been to the island and lacked experience in catching monkeys.']","['action', 'causal relationship']"
"the cuttlefish now came forward , and said to the king : "" what i said was right . you see the hook still sticks in the tai 's throat . i hope to be able to pull it out in the presence of the mikoto , and then we can return it to him safely ! "" "" o please make haste and pull it out ! "" cried the tai , pitifully , for he felt the pains in his throat coming on again ; "" i do so want to return the hook to the mikoto . "" "" all right , tai san , "" said his friend the cuttlefish , and then opening the tai 's mouth as wide as he could and putting one of his feelers down the tai 's throat , he quickly and easily drew the hook out of the sufferer 's large mouth . he then washed it and brought it to the king .","[""The cuttlefish confirmed that the hook was still stuck in the tai's throat."", 'The tai expressed his desire to return the hook to the mikoto.', ""The cuttlefish successfully pulled the hook out of the tai's throat and washed it before bringing it to the king.""]","['What did the cuttlefish confirm about the hook?', 'What action did the tai express regarding the hook?', 'What actions did the cuttlefish take regarding the hook?']","[""The hook was still stuck in the tai's throat."", 'The tai expressed his desire to return the hook to the mikoto.', ""The cuttlefish pulled the hook out of the tai's throat, washed it, and brought it to the king.""]","['action', 'action', 'action']"
"the fisher 's son did as the woman told him , and everything happened just as she had said . but at parting the second sister said to him , as she gave him another pair of shoes : ' go to my third sister , for she has a son who is keeper of the birds of the air , and sends them to sleep when night comes . he is very wise , and perhaps he can help you . ' then the young man thanked her , and went to the third sister .","[""The fisher's son followed the instructions given by the second sister."", ""The second sister advised the fisher's son to visit the third sister, who has a son that is the keeper of the birds of the air."", ""The third sister's son is wise and may be able to help the fisher's son.""]","[""What action did the fisher's son take regarding the instructions given by the second sister?"", ""What did the second sister advise the fisher's son to do?"", ""What trait is attributed to the third sister's son in the sentence?""]","[""The fisher's son followed the instructions given by the second sister."", ""The second sister advised the fisher's son to visit the third sister."", 'He is wise.']","['action', 'action', 'character']"
"the hall was full to overflowing when the prisoner entered it , and all marvelled at the brightness of his face . the king inquired if he had any excuse to plead for the high treason he had committed by striking the heir to the throne , and , if so , to be quick in setting it forth . with a low bow the youth made answer in a clear voice : ' o my lord and gracious king , and you , nobles and wise men of the land , i leave my cause without fear in your hands , knowing that you will listen and judge rightly , and that you will suffer me to speak to the end , before you give judgment . ' ' for four years , you , o king , had been married to the queen and yet had no children , which grieved you greatly . the queen saw this , and likewise that your love was going from her , and thought night and day of some plan that might put an end to this evil . at length , when you were away fighting in distant countries , she decided what she would do , and adopted in secret the baby of a poor quarryman , sending a messenger to tell you that you had a son . no one suspected the truth except a priest to whom the queen confessed the truth , and in a few weeks she fell ill and died , leaving the baby to be brought up as became a prince . and now , if your highness will permit me , i will speak of myself . ' ' what you have already told me , ' answered the king , ' is so strange that i can not imagine what more there is to tell , but go on with your story . '","['The prisoner entered the hall, and everyone marveled at the brightness of his face.', 'The king inquired if the prisoner had any excuse for committing high treason by striking the heir to the throne.', 'The queen adopted the baby of a poor quarryman in secret after being married to the king for four years without children.', 'The queen confessed the truth to a priest before she fell ill and died, leaving the baby to be raised as a prince.']","['What action did the prisoner take when he entered the hall?', 'What did the king inquire about regarding the prisoner?', 'What action did the queen take after being married to the king for four years without children?', 'What did the queen do before she fell ill and died?']","['The prisoner entered the hall.', 'The king inquired if the prisoner had any excuse for committing high treason by striking the heir to the throne.', 'The queen adopted the baby of a poor quarryman in secret.', 'The queen confessed the truth to a priest.']","['action', 'action', 'action', 'action']"
"the happy hunter made all the haste he could , riding on the basket which had been given him by his friend . his queer boat seemed to go through the water of its own accord , and the distance was much shorter than he had expected , for in a few hours he caught sight of the gate and the roof of the sea king 's palace . and what a large place it was , with its numberless sloping roofs and gables , its huge gateways , and its gray stone walls ! he soon landed , and leaving his basket on the beach , he walked up to the large gateway . the pillars of the gate were made of beautiful red coral , and the gate itself was adorned with glittering gems of all kinds . large katsura trees overshadowed it . our hero had often heard of the wonders of the sea king 's palace beneath the sea , but all the stories he had ever heard fell short of the reality which he now saw for the first time .","[""The happy hunter rode on a basket given to him by his friend to reach the sea king's palace."", ""The hunter was amazed by the large size and beauty of the sea king's palace, which had numerous sloping roofs and gables."", 'The gate of the palace was made of beautiful red coral and adorned with glittering gems.']","[""What did the happy hunter do to reach the sea king's palace?"", ""What was the hunter's reaction to the sea king's palace?"", 'What was the gate of the palace made of?']","[""The happy hunter rode on a basket given to him by his friend to reach the sea king's palace."", ""The hunter was amazed by the large size and beauty of the sea king's palace."", 'The gate of the palace was made of beautiful red coral and adorned with glittering gems.']","['action', 'action', 'character']"
"the happy hunter took his brother 's much - prized fishing hook and rod and went down to the seashore and sat down on the rocks . he baited his hook and then threw it into the sea clumsily . he sat and gazed at the little float bobbing up and down in the water , and longed for a good fish to come and be caught . every time the buoy moved a little he pulled up his rod , but there was never a fish at the end of it , only the hook and the bait . if he had known how to fish properly , he would have been able to catch plenty of fish , but although he was the greatest hunter in the land he could not help being the most bungling fisher .","[""The happy hunter took his brother's fishing hook and rod to the seashore."", 'The hunter clumsily baited his hook and threw it into the sea.', 'The hunter eagerly waited for a fish to catch but only pulled up the hook and bait each time.']","[""Where did the happy hunter take his brother's fishing hook and rod?"", 'What did the hunter do with his hook?', ""What was the outcome of the hunter's attempts to catch a fish?""]","['To the seashore.', 'The hunter clumsily baited his hook and threw it into the sea.', 'The hunter only pulled up the hook and bait each time.']","['setting', 'action', 'outcome resolution']"
"the happy hunter would have liked to enter the gate there and then , but he saw that it was fast closed , and also that there was no one about whom he could ask to open it for him , so he stopped to think what he should do . in the shade of the trees before the gate he noticed a well full of fresh spring water . surely some one would come out to draw water from the well some time , he thought . then he climbed into the tree overhanging the well , and seated himself to rest on one of the branches , and waited for what might happen . ere long he saw the huge gate swing open , and two beautiful women came out . now the mikoto ( augustness ) had always heard that ryn gu was the realm of the dragon king under the sea , and had naturally supposed that the place was inhabited by dragons and similar terrible creatures , so that when he saw these two lovely princesses , whose beauty would be rare even in the world from which he had just come , he was exceedingly surprised , and wondered what it could mean .","['The happy hunter wanted to enter the gate but found it closed and no one to ask for help.', 'The hunter noticed a well full of fresh spring water while waiting for someone to come.', 'Two beautiful women came out of the gate, surprising the hunter who expected to see dragons instead.']","['What did the happy hunter want to do at the gate?', 'What did the hunter notice while waiting for someone to come?', 'What are the traits of the two women who came out of the gate?']","['The happy hunter wanted to enter the gate.', 'The hunter noticed a well full of fresh spring water.', 'The two women are described as beautiful.']","['action', 'action', 'character']"
"the jelly fish was very disappointed when he heard this , for he believed every word the monkey said . the monkey was of no good without a liver . finally the jelly fish stopped and told the monkey so . "" well , "" said the monkey , "" that is soon remedied . i am really sorry to think of all your trouble ; but if you will only take me back to the place where you found me , i shall soon be able to get my liver . "" the jelly fish did not at all like the idea of going all the way back to the island again ; but the monkey assured him that if he would be so kind as to take him back he would get his very best liver , and bring it with him the next time . thus persuaded , the jelly fish turned his course towards the monkey island once more . no sooner had the jelly fish reached the shore than the sly monkey landed , and getting up into the pine - tree where the jelly fish had first seen him , he cut several capers amongst the branches with joy at being safe home again , and then looking down at the jelly fish said : "" so many thanks for all the trouble you have taken ! please present my compliments to the dragon king on your return ! ""","[""The jellyfish was disappointed because he believed the monkey's words."", 'The monkey tricked the jellyfish into taking him back to the island by promising to get his liver.', 'Once back on the island, the monkey joyfully cut capers in the tree and thanked the jellyfish for his trouble.']","['Why was the jellyfish disappointed?', 'What did the monkey promise the jellyfish to trick him into taking him back to the island?', 'What did the monkey do once back on the island?']","[""The jellyfish was disappointed because he believed the monkey's words."", 'The monkey promised to get his liver.', 'The monkey joyfully cut capers in the tree and thanked the jellyfish for his trouble.']","['causal relationship', 'action', 'action']"
"the jelly fish wondered at this speech and the mocking tone in which it was uttered . then he asked the monkey if it was n't his intention to come with him at once after getting his liver . the monkey replied laughingly that he could n't afford to lose his liver : it was too precious . "" but remember your promise ! "" pleaded the jelly fish , now very discouraged . "" that promise was false , and anyhow it is now broken ! "" answered the monkey . then he began to jeer at the jelly fish and told him that he had been deceiving him the whole time ; that he had no wish to lose his life , which he certainly would have done had he gone on to the sea king 's palace to the old doctor waiting for him , instead of persuading the jelly fish to return under false pretenses .","['The jellyfish was discouraged when the monkey refused to keep his promise.', 'The monkey laughed and claimed he could not afford to lose his liver because it was too precious.', ""The monkey accused the jellyfish of deceiving him and revealed that he had no intention of going to the sea king's palace.""]","['How did the jellyfish feel when the monkey refused to keep his promise?', 'Why did the monkey claim he could not afford to lose his liver?', ""What was the outcome of the monkey accusing the jellyfish and stating he would not go to the sea king's palace?""]","['The jellyfish was discouraged.', 'Because it was too precious.', ""The outcome is not explicitly stated in the sentence, but it implies that the monkey's accusation and decision may lead to a conflict or a change in his relationship with the jellyfish and the sea king.""]","['feeling', 'causal relationship', 'outcome resolution']"
"the king , to avoid the misfortune foretold by the old fairy , caused immediately proclamation to be made , whereby everybody was forbidden , on pain of death , to spin with a distaff and spindle , or to have so much as any spindle in their houses . about fifteen or sixteen years after , the king and queen being gone to one of their houses of pleasure , the young princess happened one day to divert herself in running up and down the palace ; when going up from one apartment to another , she came into a little room on the top of the tower , where a good old woman , alone , was spinning with her spindle . this good woman had never heard of the king 's proclamation against spindles .","['The king made a proclamation forbidding everyone to spin with a distaff and spindle to avoid the misfortune foretold by the old fairy.', 'Fifteen or sixteen years later, the young princess found an old woman spinning with a spindle in a room at the top of the tower.', ""The old woman had never heard of the king's proclamation against spindles.""]","['Why did the king make a proclamation forbidding everyone to spin with a distaff and spindle?', 'What did the young princess find an old woman doing in the tower?', 'What action did the king take regarding spindles that the old woman was unaware of?']","['To avoid the misfortune foretold by the old fairy.', 'The young princess found an old woman spinning with a spindle in a room at the top of the tower.', 'The king issued a proclamation against spindles.']","['causal relationship', 'action', 'action']"
"the king danced again with the beautiful maiden , and thought she had never looked so beautiful . and while he was dancing , he put a gold ring on her finger without her seeing it , and he commanded that the dance should last longer than usual . when it was finished he wanted to keep her hands in his , but she broke from him , and sprang so quickly away among the people that she vanished from his sight . she ran as fast as she could to her little room under the stairs , but because she had stayed too long beyond the half - hour , she could not stop to take off the beautiful dress , but only threw the fur cloak over it , and in her haste she did not make herself quite black with the soot , one finger remaining white .","['The king danced with the beautiful maiden and secretly put a gold ring on her finger.', ""The maiden ran away quickly among the people after the dance, vanishing from the king's sight."", 'In her haste, the maiden did not have time to remove her beautiful dress and only threw a fur cloak over it.']","['What did the king do with the beautiful maiden?', 'What did the maiden do after the dance?', 'What was the consequence of the maiden not removing her beautiful dress?']","['The king danced with the beautiful maiden and secretly put a gold ring on her finger.', ""The maiden ran away quickly among the people after the dance, vanishing from the king's sight."", 'The consequence was that she only threw a fur cloak over it.']","['action', 'action', 'outcome resolution']"
"the king did as the north wind told him . he stationed himself on the steps ; and when the north wind came roaring and rushing up , and laid hold of the castle walls till they fairly shook , the prince came out to see what it was all about . but that very moment the king seized him by the collar , and threw him out , and the north wind took him and carried him off . when he had borne him away , the king went into the castle . at first the queen did not recognize him , for he had grown thin and pale because he had wandered so long in his great distress ; but when he showed her the ring , she grew glad at heart , and then they had a wedding which was such a wedding that the news of it spread far and wide .","[""The king followed the north wind's advice and stationed himself on the steps of the castle."", 'The north wind carried the prince away after the king threw him out.', 'The queen did not recognize the king at first due to his thin and pale appearance.', 'The king showed the queen the ring, which made her glad, leading to their wedding.']","[""What action did the king take after following the north wind's advice?"", 'What did the king do to the prince?', 'Why did the queen not recognize the king at first?', 'What was the outcome of the queen feeling glad after the king showed her the ring?']","['The king stationed himself on the steps of the castle.', 'The king threw him out.', 'The queen did not recognize the king at first due to his thin and pale appearance.', 'It led to their wedding.']","['action', 'action', 'causal relationship', 'outcome resolution']"
"the man was invisible , for what he had found was a huldre hat . "" what are you talking about ? ca n't you see me ? have you lost your wits ? "" asked the man . "" there is an old hair strainer for you . i found it outside on the ground , "" said he , and he threw it on the bench . and then his wife saw him ; but at the same moment the hat of the huldres disappeared , for he should only have loaned it , not given it away . now the man saw how everything had come about , and went back to the wedding - feast . and this time he was received in right friendly fashion , and was asked to drink , and to seat himself at the table .","['The man became invisible after finding a huldre hat.', 'The man threw an old hair strainer on the bench, which allowed his wife to see him again.', 'The man returned to the wedding feast and was received in a friendly manner.']","['What happened to the man after he found the huldre hat?', 'What did the man throw on the bench?', 'What happened when the man returned to the wedding feast?']","['The man became invisible after finding a huldre hat.', 'An old hair strainer.', 'He was received in a friendly manner.']","['outcome resolution', 'action', 'outcome resolution']"
"the many - furred creature now ran into the kitchen , cooked the king 's bread - soup , and when the cook had gone , she laid the gold reel in the dish . when the king found the reel at the bottom , he had the many - furred creature brought to him , and then he saw the white finger , and the ring which he had put on her hand in the dance . then he took her hand and held her tightly , and as she was trying to get away , she undid the fur - cloak a little bit and the star - dress shone out . the king seized the cloak and tore it off her . her golden hair came down , and she stood there in her full splendour , and could not hide herself away any more . and when the soot and ashes had been washed from her face , she looked more beautiful than anyone in the world . but the king said , ' you are my dear bride , and we will never be separated from one another . ' so the wedding was celebrated and they lived happily ever after .","[""The many-furred creature cooked the king's bread-soup and placed a gold reel in the dish."", 'The king recognized the many-furred creature by the ring he had put on her hand during the dance.', ""The king tore off the fur-cloak, revealing the creature's golden hair and star-dress."", 'The king declared the many-furred creature as his dear bride, and they celebrated their wedding.']","[""What did the many-furred creature do with the king's bread-soup?"", 'What did the king do to recognize the many-furred creature?', 'What did the king do to the fur-cloak?', 'What actions did the king take regarding the many-furred creature?']","[""The many-furred creature cooked the king's bread-soup and placed a gold reel in the dish."", 'The king recognized the many-furred creature by the ring he had put on her hand during the dance.', 'The king tore off the fur-cloak.', 'The king declared the many-furred creature as his dear bride, and they celebrated their wedding.']","['action', 'action', 'action', 'action']"
"the monkey grew more and more curious and suspicious , and urged the jelly fish to tell him for what his liver was wanted , and ended up by appealing to his hearer 's feelings by saying that he was very troubled at what he had been told . then the jelly fish , seeing how anxious the monkey looked , was sorry for him , and told him everything . how the dragon queen had fallen ill , and how the doctor had said that only the liver of a live monkey would cure her , and how the dragon king had sent him to find one . "" now i have done as i was told , and as soon as we arrive at the palace the doctor will want your liver , so i feel sorry for you ! "" said the silly jelly fish . the poor monkey was horrified when he learnt all this , and very angry at the trick played upon him . he trembled with fear at the thought of what was in store for him . but the monkey was a clever animal , and he thought it the wisest plan not to show any sign of the fear he felt , so he tried to calm himself and to think of some way by which he might escape .","['The jellyfish revealed to the monkey that the dragon queen was ill and needed his liver to be cured.', 'The monkey felt horrified and angry upon learning about the trick played on him.', 'The monkey decided to remain calm and think of a way to escape his predicament.']","['What did the jellyfish reveal to the monkey?', 'What emotions did the monkey feel upon learning about the trick played on him?', 'What did the monkey decide to do in order to escape his predicament?']","['The jellyfish revealed to the monkey that the dragon queen was ill and needed his liver to be cured.', 'The monkey felt horrified and angry.', 'The monkey decided to remain calm and think of a way to escape his predicament.']","['action', 'feeling', 'action']"
"the old fairy 's turn coming next , with a head shaking more with spite than age , she said that the princess should have her hand pierced with a spindle and die of the wound . this terrible gift made the whole company tremble , and everybody fell a - crying . at this very instant the young fairy came out from behind the hangings , and spake these words aloud : "" assure yourselves , o king and queen , that your daughter shall not die of this disaster . it is true , i have no power to undo entirely what my elder has done . the princess shall indeed pierce her hand with a spindle ; but , instead of dying , she shall only fall into a profound sleep , which shall last a hundred years , at the expiration of which a king 's son shall come and awake her . ""","['The old fairy cursed the princess to die from a wound inflicted by a spindle.', 'The young fairy intervened, assuring the king and queen that the princess would not die but would instead fall into a profound sleep for a hundred years.', ""The young fairy foretold that a king's son would come to awaken the princess after her long sleep.""]","['What action did the old fairy take regarding the princess?', ""What action did the young fairy take regarding the princess's fate?"", ""What action did the young fairy take regarding the princess's awakening?""]","['The old fairy cursed the princess to die from a wound inflicted by a spindle.', 'The young fairy intervened, assuring the king and queen that the princess would not die but would instead fall into a profound sleep for a hundred years.', ""The young fairy foretold that a king's son would come to awaken the princess after her long sleep.""]","['action', 'action', 'action']"
"the old man had not gone far on his way down the mountain pass when the sky clouded and rain began to fall heavily . he looked about for some shelter , but there was not even a charcoal - burner 's hut near . at last he espied a large hole in the hollow trunk of a tree . the hole was near the ground , so he crept in easily , and sat down in hopes that he had only been overtaken by a mountain shower , and that the weather would soon clear .","['The old man sought shelter from the heavy rain as he traveled down the mountain pass.', 'He found a large hole in the hollow trunk of a tree to take refuge from the rain.']","['What did the old man do to protect himself from the heavy rain?', 'Where did he find refuge from the rain?']","['He sought shelter from the heavy rain.', 'He found refuge in a large hole in the hollow trunk of a tree.']","['action', 'setting']"
"the old man thanked him very humbly : "" i did not expect such kindness from your lordship . i fear i have only disturbed your pleasant party by my unskillful dancing . "" "" no , no , "" answered the big demon . "" you must come often and dance for us . your skill has given us much pleasure . "" the old man thanked him again and promised to do so . "" then will you come again to - morrow , old man ? "" asked the demon . "" certainly , i will , "" answered the old man . "" then you must leave some pledge of your word with us , "" said the demon . "" whatever you like , "" said the old man . "" now what is the best thing he can leave with us as a pledge ? "" asked the demon , looking round .","['The old man thanked the big demon for the kindness shown to him.', 'The big demon invited the old man to come often and dance for them.', 'The old man promised to return the next day and was asked to leave a pledge of his word.']","['What did the old man do in response to the kindness shown to him by the big demon?', 'What did the big demon invite the old man to do?', 'What did the old man promise to do?']","['The old man thanked the big demon for the kindness shown to him.', 'The big demon invited the old man to come often and dance for them.', 'The old man promised to return the next day.']","['action', 'action', 'action']"
"the old man was lost in bewilderment by all that had happened . he hardly knew for some time where he was . when he came to understand what had happened to him , he was delighted to find that the lump on his face , which had for so many years disfigured him , had really been taken away without any pain to himself . he put up his hand to feel if any scar remained , but found that his right cheek was as smooth as his left .","['The old man was initially bewildered and did not know where he was.', 'He was delighted to discover that the lump on his face had been removed without any pain.', 'The old man checked his right cheek and found it as smooth as his left.']","['What did the old man feel when he realized he did not know where he was?', 'What action was taken regarding the lump on his face?', 'What did the old man check?']","['The old man was initially bewildered.', 'The lump on his face had been removed without any pain.', 'The old man checked his right cheek.']","['action', 'action', 'action']"
"the smoke and the heat nearly killed the eavesdropper in the loft , and in order to catch his breath and get some fresh air , he tried to crawl out of the look - out in the roof ; yet he was of much heavier build than his brother , stuck fast and could move neither in nor out . then he grew frightened and began to scream ; but the goblins screamed much louder , and roared and howled , and thumped and clamored inside and outside the hut . but when the cock crowed they disappeared , and john nicholas freed himself , too . yet when he returned home from his trip , he had lost his reason , and after that the same cold , sinister screams which are the mark of the troll in the northland , might often be heard sounding from store - rooms and lofts where he happened to be . before his death , however , his reason returned , and he was buried in consecrated ground , as they say . but after that time no human foot ever trod the sand - banks again . they sank , and the meer - folk , it is believed , went to the lekang islands . andrew 's luck held good ; no ship made more successful trips than his own ; but whenever he came to the lekang islands he lay becalmed -- the goblins went aboard or ashore with their goods -- but after a time he had fair winds , whether he happened to want to go to bergen , or sail home . he had many children , and all of them were bright and vigorous , yet every one of them lacked the upper joint of the little finger of his left hand .","['The eavesdropper, John Nicholas, got stuck in the look-out in the roof while trying to escape the smoke and heat.', 'John Nicholas lost his reason after his encounter with the goblins but regained it before his death.', ""After John Nicholas's death, no human foot ever trod the sand-banks again, and it is believed the meer-folk went to the Lekang islands."", ""Andrew's luck held good with successful trips, but he lay becalmed whenever he reached the Lekang islands.""]","['What happens to John Nicholas after he gets stuck in the look-out on the roof?', 'What happened to John Nicholas after his encounter with the goblins?', ""What happened to the meer-folk after John Nicholas's death?"", 'What happens to Andrew when he reaches the Lekang islands?']","['He got stuck in the look-out in the roof while trying to escape the smoke and heat.', 'John Nicholas lost his reason after his encounter with the goblins but regained it before his death.', 'It is believed the meer-folk went to the Lekang islands.', 'He lay becalmed whenever he reached the Lekang islands.']","['outcome resolution', 'outcome resolution', 'outcome resolution', 'outcome resolution']"
"the sun had long set , and the young moon had risen like a silver crescent in the sky . the old man suddenly realized how late it was and began to hurry home . he patted his right cheek all the time , as if to make sure of his good fortune in having lost the wen . he was so happy that he found it impossible to walk quietly -- he ran and danced the whole way home .","['The old man realized how late it was and began to hurry home.', 'The old man was happy about losing the wen and patted his right cheek to ensure his good fortune.', 'The old man ran and danced all the way home because he was so happy.']","['What did the old man do when he realized how late it was?', 'What action did the old man take after losing the wen?', 'Why did the old man run and dance all the way home?']","['He began to hurry home.', 'He patted his right cheek to ensure his good fortune.', 'Because he was so happy.']","['action', 'action', 'causal relationship']"
"the third sister was very kind , but had no counsel to give him , so he ate and drank and waited till her son came home , after he had sent all the birds to sleep . he thought a long while after his mother had told him the young man 's story , and at last he said that he was hungry , and the cow must be killed , as he wanted some supper . so the cow was killed and the meat cooked , and a bag made of its red skin . ' now get into the bag , ' bade the son , and the young man got in and took his gun with him , but the dog and the falcon he left outside . the keeper of the birds drew the string at the top of the bag , and left it to finish his supper , when in flew an eagle through the open door , and picked the bag up in her claws and carried it through the air to an island . there was nothing to eat on the island , and the fisher 's son thought he would die of food , when he remembered the box that the lady had put in his pocket . he opened the lid , and three tiny little birds flew out , and flapping their wings they asked , ' good master , is there anything we can do for thee ? '","[""The young man got into a bag made from the cow's red skin after it was killed for supper."", 'An eagle picked up the bag and carried it to an island.', 'The young man remembered the box given to him by the lady, which contained three tiny birds.']","[""What happens to the young man after he gets into the bag made from the cow's red skin?"", 'What did the eagle do with the bag?', 'What did the young man remember about the box given to him by the lady?']","['The sentence does not provide specific information about what happens to the young man after he gets into the bag.', 'The eagle picked up the bag and carried it to an island.', 'The young man remembered the box given to him by the lady, which contained three tiny birds.']","['outcome resolution', 'action', 'action']"
"the walk took some time , for it was very dark , and her shoes often stuck in the mud , but she was brave as well as beautiful and never thought of turning back merely because the path was both difficult and unpleasant . at last , with her dress torn by brambles that she could not see , and her fact scratched by the twigs on the trees , she reached the spot where she and her father had been cutting in the morning , and found the axe in the place he had left it . to her surprise , three little doves were sitting on the handle , all of them looking very sad .","['The girl bravely continued her walk despite the dark and muddy path.', 'She found the axe where her father had left it in the morning.', 'Three little doves were sitting on the handle of the axe, looking very sad.']","['What did the girl do despite the dark and muddy path?', 'Where did she find the axe and when?', 'What emotion are the three little doves expressing in the story?']","['The girl bravely continued her walk despite the dark and muddy path.', 'She found the axe where her father had left it in the morning.', 'The three little doves are looking very sad.']","['action', 'setting', 'character']"
"the widow woman almost cried aloud for joy , for now she had learned the fairy 's secret , and her child was safe . but she dare not , in case the wicked old dame heard her and threw some other spell over her . so she crept softly back to the place where she had left her child ; then , catching him up in her arms , she ran through the wood to her house , laughing , and singing , and tossing him in the air in such a state of delight that , if anyone had met her , they would have been in danger of thinking that she was mad . now this young woman had been a merry - hearted maiden , and would have been merry - hearted still , if , since her marriage , she had not had so much trouble that it had made her grow old and sober - minded before her time ; and she began to think what fun it would be to tease the fairy for a few minutes before she let her know that she had found out her name .","[""The widow woman learned the fairy's secret and felt joy because her child was safe."", 'The widow woman ran through the wood to her house, laughing and singing with her child in her arms.', 'The widow woman thought about teasing the fairy for a few minutes before revealing that she had found out her name.']","['Why did the widow woman feel joy?', 'What did the widow woman do as she ran through the wood to her house?', ""What did the widow woman think about doing before revealing the fairy's name?""]","['The widow woman felt joy because her child was safe.', 'The widow woman ran through the wood to her house, laughing and singing with her child in her arms.', 'The widow woman thought about teasing the fairy for a few minutes before revealing that she had found out her name.']","['causal relationship', 'action', 'action']"
"then dullhead fell to at once to hew down the tree , and when it fell he found amongst its roots a goose , whose feathers were all of pure gold . he lifted it out , carried it off , and took it with him to an inn where he meant to spend the night . now the landlord of the inn had three daughters , and when they saw the goose they were filled with curiosity as to what this wonderful bird could be , and each longed to have one of its golden feathers . the eldest thought to herself : ' no doubt i shall soon find a good opportunity to pluck out one of its feathers , ' and the first time dullhead happened to leave the room she caught hold of the goose by its wing . but , lo and behold ! her fingers seemed to stick fast to the goose , and she could not take her hand away .","['Dullhead found a goose with pure gold feathers among the roots of a tree he cut down.', ""The landlord's three daughters were curious about the golden goose and wanted to pluck its feathers."", 'The eldest daughter tried to pluck a feather but got her fingers stuck to the goose.']","['What did Dullhead find among the roots of a tree he cut down?', ""What were the traits of the landlord's three daughters regarding the golden goose?"", 'What happened to the eldest daughter when she tried to pluck a feather?']","['Dullhead found a goose with pure gold feathers among the roots of a tree he cut down.', ""The landlord's three daughters were curious about the golden goose and wanted to pluck its feathers."", 'She got her fingers stuck to the goose.']","['action', 'character', 'outcome resolution']"
"then he awoke , and the dark lad told him what had befallen him , and he was very grieved . but the dark lad did not tell him of the name that was written underneath his arm . on the following morning the fisher 's son again went to the church , determined that he would not go to sleep , whatever happened . but in his hurry to enter he touched with his hand the spike of hurt , and sank down where he stood , wrapped in slumber . a second time the air was filled with music , and the lady came in , stepping softly , but though she laid his head on her knee , and combed his hair with a golden comb , his eyes opened not . then she burst into tears , and placing a beautifully wrought box in his pocket she went her way . the next day the same thing befell the fisher 's son , and this time the lady wept more bitterly than before , for she said it was the last chance , and she would never be allowed to come any more , for home she must go .","[""The fisher's son was grieved after learning what had befallen him from the dark lad."", ""The fisher's son touched the spike of hurt and fell into a slumber again."", 'The lady came in and laid his head on her knee, but he did not wake up.', 'The lady placed a beautifully wrought box in his pocket before leaving, saying it was her last chance to see him.']","[""What did the fisher's son do after learning what had befallen him?"", ""What happens to the fisher's son after he touches the spike of hurt?"", 'What did the lady do when she came in?', 'What did the lady do before leaving?']","[""The fisher's son was grieved after learning what had befallen him from the dark lad."", 'He fell into a slumber again.', 'The lady came in and laid his head on her knee.', 'The lady placed a beautifully wrought box in his pocket before leaving.']","['action', 'outcome resolution', 'action', 'action']"
"then ian was killed a second time , and after the rest of the robbers had eaten , they lay down and slept till morning . no sooner were their faces touched with the sun 's rays than they were up and off . then the deer entered and dropped the healing wax on the dead man , and he was as well as ever . by this time he did not mind what befell him , so sure was he that the deer would take care of him , and in the evening that which had happened before happened again -- the four robbers were put to death and the fisher 's son also , but because there was no food left for them to eat , they were nearly mad with rage , and began to quarrel . from quarrelling they went on to fighting , and fought so hard that by and bye they were all stretched dead on the floor . then the deer entered , and the fisher 's son was restored to life , and bidding him follow her , she ran on to a little white cottage where dwelt an old woman and her son , who was thin and dark .","['The deer dropped healing wax on Ian, restoring him to life after he was killed by the robbers.', ""The robbers and the fisher's son were put to death again, but they began to quarrel and fight due to lack of food."", ""The deer restored the fisher's son to life again after the fighting.""]","['What happened to Ian after the deer dropped healing wax on him?', ""What caused the robbers and the fisher's son to quarrel and fight?"", 'What action did the deer take after the fighting?']","['He was restored to life after he was killed by the robbers.', ""The lack of food caused the robbers and the fisher's son to quarrel and fight."", ""The deer restored the fisher's son to life again.""]","['outcome resolution', 'causal relationship', 'action']"
"then it was that a large man stepped up to him and said : "" do not grieve so . i can tell you what you ought to do . when the mowing begins , just call out ' old hopgiant ! ' three times in succession , and you 'll not be at a loss , as you shall see for yourself . "" and with that he disappeared .","['A large man approached and offered advice on what to do when the mowing begins.', ""The man instructed to call out 'old hopgiant!' three times in succession for help.""]","['What role does the large man play in the story?', 'What did the man instruct to do for help?']","['The large man offers advice on what to do when the mowing begins.', ""To call out 'old hopgiant!' three times in succession.""]","['character', 'action']"
"then ryn jin showed his friend how to use the talismans one by one and handed them to him . the happy hunter was very glad to have these two wonderful gems , the jewel of the flood tide and the jewel of the ebbing tide , to take back with him , for he felt that they would preserve him in case of danger from enemies at any time . after thanking his kind host again and again , he prepared to depart . the sea king and the two princesses , tayotama and tamayori , and all the inmates of the palace , came out to say "" good - by , "" and before the sound of the last farewell had died away the happy hunter passed out from under the gateway , past the well of happy memory standing in the shade of the great katsura trees on his way to the beach .","['Ryn Jin showed his friend how to use the talismans, the jewel of the flood tide and the jewel of the ebbing tide.', 'The happy hunter felt that the talismans would preserve him in case of danger from enemies.', 'The sea king, the two princesses, and all the palace inmates came out to say goodbye to the happy hunter.']","['What did Ryn Jin show his friend how to use?', 'How did the happy hunter feel about the talismans?', 'Who came out to say goodbye to the happy hunter?']","['Ryn Jin showed his friend how to use the talismans, the jewel of the flood tide and the jewel of the ebbing tide.', 'The happy hunter felt that the talismans would preserve him in case of danger from enemies.', 'The sea king, the two princesses, and all the palace inmates came out to say goodbye to the happy hunter.']","['action', 'feeling', 'character']"
"then the doctor told the dragon king that some distance to the south there was a monkey island where a great many monkeys lived . "" if only you could capture one of these monkeys ? "" said the doctor . "" how can any of my people capture a monkey ? "" said the dragon king , greatly puzzled . "" the monkeys live on dry land , while we live in the water ; and out of our element we are quite powerless ! i do n't see what we can do ! "" "" that has been my difficulty too , "" said the doctor . "" but amongst your innumerable servants you surely can find one who can go on shore for that express purpose ! "" "" something must be done , "" said the king , and calling his chief steward he consulted him on the matter .","['The doctor informed the dragon king about a monkey island to the south where many monkeys lived.', 'The dragon king expressed his confusion about how his people could capture a monkey since they lived in water.', 'The doctor suggested that the dragon king could find one of his servants to go on shore to capture a monkey.', 'The dragon king decided that something must be done and consulted his chief steward on the matter.']","['What did the doctor inform the dragon king about?', 'What action did the dragon king express confusion about regarding his people?', 'What did the doctor suggest the dragon king could do?', 'What action did the dragon king take regarding the matter?']","['The doctor informed the dragon king about a monkey island to the south where many monkeys lived.', 'The action of capturing a monkey.', 'The doctor suggested that the dragon king could find one of his servants to go on shore to capture a monkey.', 'The dragon king consulted his chief steward on the matter.']","['action', 'action', 'action', 'action']"
"then the dragon king interviewed the doctor and blamed him for not curing the queen . the doctor was alarmed at rin jin 's evident displeasure , and excused his want of skill by saying that although he knew the right kind of medicine to give the invalid , it was impossible to find it in the sea . "" do you mean to tell me that you ca n't get the medicine here ? "" asked the dragon king . "" it is just as you say ! "" said the doctor . "" tell me what it is you want for the queen ? "" demanded rin jin . "" i want the liver of a live monkey ! "" answered the doctor . "" the liver of a live monkey ! of course that will be most difficult to get , "" said the king . "" if we could only get that for the queen , her majesty would soon recover , "" said the doctor . "" very well , that decides it ; we must get it somehow or other . but where are we most likely to find a monkey ? "" asked the king .","['The dragon king blamed the doctor for not curing the queen.', 'The doctor explained that he knew the right medicine but could not find it in the sea.', 'The doctor requested the liver of a live monkey to cure the queen.', ""The dragon king acknowledged that obtaining a live monkey's liver would be difficult.""]","['What did the dragon king do regarding the doctor?', 'What did the doctor explain about the medicine?', 'What did the doctor request to cure the queen?', ""What did the dragon king acknowledge about obtaining a live monkey's liver?""]","['The dragon king blamed the doctor for not curing the queen.', 'The doctor explained that he knew the right medicine but could not find it in the sea.', 'The doctor requested the liver of a live monkey to cure the queen.', ""The dragon king acknowledged that obtaining a live monkey's liver would be difficult.""]","['action', 'action', 'action', 'action']"
"then the king thanked him , and did as he said . "" why do you stand there fighting till the end of time ? "" said he to the brothers . "" let me test your possessions if i am to decide your quarrel . "" that suited them ; but when he had hat , cloak and boots , he told them : "" i will give you my decision the next time we meet ! "" and with that he wished himself far away . while he was flying through the air he happened to meet the north wind . "" and where are you going ? "" asked the north wind . "" to whiteland , "" said the king , and then he told him what had happened to him . "" well , "" said the north wind , "" you are traveling a little quicker than i am ; for i must sweep and blow out every corner . but when you come to your journey 's end , stand on the steps beside the door , and then i 'll tt . and when the prince who is to have the queen comes and looks out to see what it all means , i 'll just take him along with me . ""","[""The king decided to test the brothers' possessions to resolve their quarrel."", ""The king wished himself far away after taking the brothers' hat, cloak, and boots."", 'The king met the north wind during his journey to Whiteland.']","[""What action did the king take to resolve the brothers' quarrel?"", ""What did the king wish for after taking the brothers' hat, cloak, and boots?"", 'Who did the king meet during his journey to Whiteland?']","[""The king decided to test the brothers' possessions to resolve their quarrel."", ""The king wished himself far away after taking the brothers' hat, cloak, and boots."", 'The north wind.']","['action', 'action', 'character']"
"then the prince said to her , ' you can hardly walk ; i will put you on my horse and lead you home . where do you live ? ' ' over there , at the edge of the forest in the little hut you see in the distance , ' replied the old woman . the prince lifted her on to his horse , and soon they reached the hut , where the old woman got down , and turning to the prince said , ' just wait a moment , and i will give you something . ' and she disappeared into her hut , but returned very soon and said , ' you are a mighty prince , but at the same time you have a kind heart , which deserves to be rewarded . would you like to have the most beautiful woman in the world for your wife ? ' ' most certainly i would , ' replied the prince .","['The prince offered to help the old woman by putting her on his horse.', 'The old woman lived in a little hut at the edge of the forest.', 'The old woman promised to reward the prince for his kindness.']","['What action did the prince take to help the old woman?', 'Where did the old woman live?', 'What did the old woman promise to do for the prince?']","['The prince offered to help the old woman by putting her on his horse.', 'In a little hut at the edge of the forest.', 'The old woman promised to reward the prince for his kindness.']","['action', 'setting', 'action']"
"then the son found he had forgotten his handkerchief , and went down to the boat to get it . but no sooner was he in the boat than it moved off with a rush , and no matter how hard the youth worked against it with the oars , it was all in vain . the boat drove on and on , all night long , and at last he came to a white strand , far , far away . he stepped ashore , and after he had gone a while he met an old man with a great , white beard . "" what is this country called ? "" asked the youth . "" whiteland , "" was the man 's answer , and he asked the youth where he came from , and what he wanted , and the latter told him . "" if you keep right on along the shore , "" said the man , "" you will come to three princesses , buried in the earth so that only their heads show . then the first will call you -- and she is the oldest -- and beg you very hard to come to her and help her ; and the next will do the same ; but you must go to neither of them ; walk quickly past them , and act as though you neither saw nor heard them . but go up to the third , and do what she asks of you , for then you will make your fortune . ""","['The son forgot his handkerchief and went back to the boat to retrieve it.', 'The boat moved off with a rush, and the youth could not row against it.', 'The youth arrived at a place called Whiteland after being carried away by the boat.', 'An old man with a white beard advised the youth about three princesses buried in the earth.', 'The youth was instructed to ignore the first two princesses and help the third one to make his fortune.']","['What did the son do after he forgot his handkerchief?', 'What happens to the youth after the boat moves off with a rush?', 'Where did the youth arrive?', 'What is a notable trait of the old man in the story?', 'What action was the youth instructed to take regarding the princesses?']","['He went back to the boat to retrieve it.', 'The youth could not row against it.', 'The youth arrived at a place called Whiteland.', 'He has a white beard.', 'The youth was instructed to ignore the first two princesses and help the third one to make his fortune.']","['outcome resolution', 'outcome resolution', 'setting', 'character', 'action']"
"then the young king grew very sad , and went about day in , day out , with no other thought than getting back to his queen . "" i must try and see whether i can not find out where whiteland is , "" thought he , and wandered forth into the wide world . after he had gone a while he came to a hill ; and there he met one who was the lord of all the beasts of the forest -- for they came when he blew his horn -- and him the king asked where whiteland was . "" that i do not know , "" said he , "" but i will ask my beasts . "" then he called them up with his horn , and asked whether any of them knew where whiteland might be ; but none of them knew anything about it . then the man gave him a pair of snowshoes . "" if you stand in them , "" said he , "" you will come to my brother , who lives a hundred miles further on . he is the lord of the birds of the air . ask him . when you have found him , turn the snowshoes around so that they point this way , and they will come back home of their own accord . "" when the king got there , he turned the snowshoes around , as the lord of the beasts had told him , and they ran home again . he asked about whiteland , and the man called up all the birds with his horn , and asked whether any of them knew where whiteland might be . but none of them knew . long after the rest an old eagle came along ; and he had been out for some ten years , but did not know either .","['The young king was sad and wanted to find his queen in Whiteland.', 'The king met the lord of all the beasts of the forest, who could summon the animals with his horn.', 'The lord of the beasts gave the king a pair of snowshoes to help him reach his brother, the lord of the birds.', 'The king asked the lord of the birds about Whiteland, but none of the birds knew where it was.']","['What did the young king want to do in Whiteland?', 'Who is the character that met the king and what is his ability?', 'What did the lord of the beasts give to the king?', 'What did the king ask the lord of the birds?']","['The young king wanted to find his queen in Whiteland.', 'The lord of all the beasts of the forest, who could summon the animals with his horn.', 'A pair of snowshoes.', 'The king asked the lord of the birds about Whiteland.']","['action', 'character', 'action', 'action']"
"there was much gladness between the sea king and the happy hunter , and they sat and talked for a long time . at last the sea king clapped his hands , and then a huge retinue of fishes appeared , all robed in ceremonial garments , and bearing in their fins various trays on which all kinds of sea delicacies were served . a great feast was now spread before the king and his royal guest . all the fishes - in - waiting were chosen from amongst the finest fish in the sea , so you can imagine what a wonderful array of sea creatures it was that waited upon the happy hunter that day . all in the palace tried to do their best to please him and to show him that he was a much honored guest . during the long repast , which lasted for hours , ryn jin commanded his daughters to play some music , and the two princesses came in and performed on the koto ( the japanese harp ) , and sang and danced in turns . the time passed so pleasantly that the happy hunter seemed to forget his trouble and why he had come at all to the sea king 's realm , and he gave himself up to the enjoyment of this wonderful place , the land of fairy fishes ! who has ever heard of such a marvelous place ? but the mikoto soon remembered what had brought him to ryn gu , and said to his host :","['The sea king and the happy hunter enjoyed a long conversation filled with gladness.', 'A huge retinue of fishes appeared to serve a great feast for the happy hunter.', 'The two princesses performed music on the koto and sang and danced during the feast.']","['What did the sea king and the happy hunter do together?', 'What action did the fishes take for the happy hunter?', 'What did the two princesses do during the feast?']","['They enjoyed a long conversation filled with gladness.', 'The fishes appeared to serve a great feast for the happy hunter.', 'The two princesses performed music on the koto and sang and danced during the feast.']","['action', 'action', 'action']"
"there was once a fisherman who was called salmon , and his christian name was matte . he lived by the shore of the big sea ; where else could he live ? he had a wife called maie ; could you find a better name for her ? in winter they dwelt in a little cottage by the shore , but in spring they flitted to a red rock out in the sea and stayed there the whole summer until it was autumn . the cottage on the rock was even smaller than the other ; it had a wooden bolt instead of an iron lock to the door , a stone hearth , a flagstaff , and a weather - cock on the roof . the rock was called ahtola , and was not larger than the market - place of a town . between the crevices there grew a little rowan tree and four alder bushes . heaven only knows how they ever came there ; perhaps they were brought by the winter storms . besides that , there flourished some tufts of velvety grass , some scattered reeds , two plants of the yellow herb called tansy , four of a red flower , and a pretty white one ; but the treasures of the rock consisted of three roots of garlic , which maie had put in a cleft . rock walls sheltered them on the north side , and the sun shone on them on the south . this does not seem much , but it sufficed maie for a herb plot .","['Matte, the fisherman, lived by the shore of the big sea with his wife Maie.', 'In winter, they lived in a cottage by the shore, and in spring, they moved to a small rock called Ahtola.', 'The rock Ahtola had a wooden bolt for a door, a stone hearth, and a weather-cock on the roof.', 'Maie cultivated a small herb plot on the rock, which included garlic, rowan trees, and various plants.']","['Where did Matte, the fisherman, live?', 'What are some features of the rock Ahtola?', 'What did Maie cultivate on the rock?']","['By the shore of the big sea.', 'The rock Ahtola had a wooden bolt for a door, a stone hearth, and a weather-cock on the roof.', 'Maie cultivated a small herb plot on the rock, which included garlic, rowan trees, and various plants.']","['setting', 'character', 'action']"
"there was once a man who had three sons . the youngest of them was called dullhead , and was sneered and jeered at and snubbed on every possible opportunity . one day it happened that the eldest son wished to go into the forest to cut wood , and before he started his mother gave him a fine rich cake and a bottle of wine , so that he might be sure not to suffer from hunger or thirst . when he reached the forest he met a little old grey man who wished him ' good - morning , ' and said : ' do give me a piece of that cake you have got in your pocket , and let me have a draught of your wine - i am so hungry and thirsty . '","['The youngest son was called Dullhead and was often mocked by others.', 'The eldest son was given a cake and a bottle of wine by his mother before going to the forest.', 'In the forest, the eldest son met a little old grey man who asked for a piece of cake and a drink of wine.']","['What is the nickname given to the youngest son, and how is he treated by others?', 'What did the mother give to her eldest son before he went to the forest?', 'What did the little old grey man ask for?']","['The youngest son was called Dullhead and was often mocked by others.', 'A cake and a bottle of wine.', 'A piece of cake and a drink of wine.']","['character', 'action', 'character']"
"they filled it completely and more , and still more of them came in . then the walls began to crack , and the little hut spread out at all corners , and grew so splendid and magnificent that the wealthiest merchant could not have had its equal ; it was almost like being in a royal castle . tables were covered with the most exquisite silver and gold . when they had eaten they began to dance . under cover of the noise , andrew crept to the look - out at the side of the roof , and climbed down . then he ran to the schooner , threw his flint - stone over it , and in order to make certain , cut a cross into it with his sharp - cutting knife . when he came back again , the dance was in full swing . the tables were dancing and the benches and chairs -- everything else in the room was dancing , too . the only one who did not dance was the bride ; she only sat there and looked on , and when the bridegroom came to fetch her , she sent him away . for the moment there was no thought of stopping .","['The hut filled with guests, causing the walls to crack and the hut to grow splendid and magnificent.', 'Tables were covered with exquisite silver and gold, and after eating, the guests began to dance.', 'Andrew crept to the lookout on the roof and climbed down to the schooner, marking it with a flint-stone and cutting a cross into it with his knife.', 'During the dance, everything in the room was dancing except for the bride, who sat and looked on.']","['What happens to the hut when it is filled with guests?', 'What did the guests do after eating?', 'What actions did Andrew take when he reached the schooner?', 'What happens next after the bride sits and looks on during the dance?']","['The walls crack and the hut grows splendid and magnificent.', 'The guests began to dance.', 'Andrew marked it with a flint-stone and cut a cross into it with his knife.', 'The sentence does not provide information about what happens next after the bride sits and looks on.']","['outcome resolution', 'action', 'action', 'outcome resolution']"
"they opened the casement , and with a hoarse croak the creature let the packet drop on to the floor ; then it flapped its great wings and rose slowly into the air again its head turned in the direction of hoy . with fingers that trembled with excitement they broke the seals and undid the packet . it contained a piece of the most beautiful material that anyone could possibly imagine , woven in all the colours of the rainbow , and sparkling with gold and jewels . "" twill make a bonnie waistcoat , "" exclaimed countess fraukirk , with an unholy laugh . "" the silent earl will be a braw man when he gets it on . "" then , without more ado , they set to work to cut out and sew the garment . all that night they worked , and all next day , till , late in the afternoon , when they were putting in the last stitches , hurried footsteps were heard ascending the winding staircase , and earl harold burst open the door .","['A creature dropped a packet containing beautiful material through the casement.', 'Countess Fraukirk expressed excitement about making a waistcoat for the silent earl.', 'They worked all night and the next day to cut out and sew the garment.', 'Earl Harold burst open the door just as they were putting in the last stitches.']","['What did the creature do?', 'What emotion did Countess Fraukirk express about making a waistcoat for the silent earl?', 'What did they do all night and the next day?', 'What happens after Earl Harold bursts open the door?']","['The creature dropped a packet containing beautiful material through the casement.', 'Countess Fraukirk expressed excitement.', 'They worked all night and the next day to cut out and sew the garment.', 'The sentence does not provide information about what happens next after Earl Harold bursts open the door.']","['action', 'feeling', 'action', 'outcome resolution']"
"they went into the great hall of looking - glasses , where they supped , and were served by the princess 's officers , the violins and hautboys played old tunes , but very excellent , though it was now above a hundred years since they had played ; and after supper , without losing any time , the lord almoner married them in the chapel of the castle , and the chief lady of honor drew the curtains . they had but very little sleep - the princess had no occasion ; and the prince left her next morning to return to the city , where his father must needs have been in pain for him . the prince told him : that he lost his way in the forest as he was hunting , and that he had lain in the cottage of a charcoal - burner , who gave him cheese and brown bread . the king , his father , who was a good man , believed him ; but his mother could not be persuaded it was true ; and seeing that he went almost every day a - hunting , and that he always had some excuse ready for so doing , though he had lain out three or four nights together , she began to suspect that he was married , for he lived with the princess above two whole years , and had by her two children , the eldest of which , who was a daughter , was named morning , and the youngest , who was a son , they called day , because he was a great deal handsomer and more beautiful than his sister .","['The prince and princess were married in the chapel of the castle by the lord almoner.', 'The prince returned to the city the next morning after spending the night with the princess.', ""The king believed the prince's excuse about getting lost in the forest, but the queen suspected he was married."", 'The prince and princess had two children, a daughter named Morning and a son named Day.']","['Who married the prince and princess in the chapel of the castle?', 'What did the prince do after spending the night with the princess?', ""What did the king do regarding the prince's excuse?"", 'What are the names of the children of the prince and princess?']","['The lord almoner married the prince and princess in the chapel of the castle.', 'The prince returned to the city the next morning.', ""The king believed the prince's excuse about getting lost in the forest."", 'The children are named Morning and Day.']","['action', 'action', 'action', 'character']"
"thus they went along , the jelly fish skimming through the waves with the monkey sitting on his back . when they were about half - way , the jelly fish , who knew very little of anatomy , began to wonder if the monkey had his liver with him or not ! "" mr . monkey , tell me , have you such a thing as a liver with you ? "" the monkey was very much surprised at this queer question , and asked what the jelly fish wanted with a liver . "" that is the most important thing of all , "" said the stupid jelly fish , "" so as soon as i recollected it , i asked you if you had yours with you ? "" "" why is my liver so important to you ? "" asked the monkey . "" oh ! you will learn the reason later , "" said the jelly fish .","['The jellyfish wondered if the monkey had his liver with him during their journey.', ""The monkey was surprised by the jellyfish's question about his liver."", 'The jellyfish claimed that the liver was the most important thing of all.']","['What did the jellyfish wonder about the monkey during their journey?', 'What action did the jellyfish take that surprised the monkey?', 'What did the jellyfish claim about the liver?']","['The jellyfish wondered if the monkey had his liver with him during their journey.', ""The jellyfish asked a question about the monkey's liver."", 'The jellyfish claimed that the liver was the most important thing of all.']","['action', 'action', 'action']"
"two years passed , and the youth no longer thought of any danger . hence , when the flowers began to bloom in the spring , rose - red went driving in a small wagon outside the city , near the river . and there one of the prince 's servants saw her , and informed his master . the latter sent for the youth , who , since he could not conceal the matter , told him the whole story exactly as it had happened . said the prince : "" the whole blame rests on rose - red . i do not reproach you . yet since she is now your wife i will let the whole matter rest . but molo will have to suffer for it ! ""","['Two years passed, and the youth no longer thought of any danger.', ""The prince's servant saw Rose-Red driving in a small wagon and informed the prince."", ""The prince decided that the blame rested on Rose-Red but would let the matter rest since she was now the youth's wife.""]","['What action did the youth take after two years?', ""What role does the prince's servant play in the story?"", 'What did the prince decide to do about the blame on Rose-Red?']","['The youth no longer thought of any danger.', ""The prince's servant saw Rose-Red driving in a small wagon and informed the prince."", ""The prince decided to let the matter rest since she was now the youth's wife.""]","['action', 'character', 'outcome resolution']"
"when he got to the forest , he too met the little grey old man , who greeted him and said : ' give me a piece of your cake and a draught from your bottle ; i am so hungry and thirsty . ' and dullhead replied : ' i 've only got a cinder - cake and some sour beer , but if you care to have that , let us sit down and eat . ' so they sat down , and when dullhead brought out his cake he found it had turned into a fine rich cake , and the sour beer into excellent wine . then they ate and drank , and when they had finished the little man said : ' now i will bring you luck , because you have a kind heart and are willing to share what you have with others . there stands an old tree ; cut it down , and amongst its roots you 'll find something . ' with that the little man took leave .","['Dullhead met the little grey old man in the forest who asked for food and drink.', 'Dullhead shared his cinder-cake and sour beer with the little man.', 'The little man rewarded Dullhead for his kindness by telling him to cut down an old tree to find something among its roots.']","['What did the little grey old man ask Dullhead for in the forest?', 'What did Dullhead share with the little man?', 'What did the little man tell Dullhead to do as a reward for his kindness?']","['The little grey old man asked Dullhead for food and drink.', 'Dullhead shared his cinder-cake and sour beer with the little man.', 'The little man told Dullhead to cut down an old tree to find something among its roots.']","['action', 'action', 'action']"
"when the dance was ended , the king had his soup brought to him and ate it , and it was so good that he thought he had never tasted such soup in his life . but when he came to the bottom of the dish he saw a gold ring lying there , and he could not imagine how it got in . then he commanded the cook to be brought before him . the cook was terrified when he heard the command , and said to the many - furred creature , ' you must have let a hair fall into the soup , and if you have you deserve a good beating ! ' when he came before the king , the king asked who had cooked the soup . the cook answered , ' i cooked it . ' but the king said , ' that 's not true , for it was quite different and much better soup than you have ever cooked . ' then the cook said , ' i must confess ; i did not cook the soup ; the many - furred creature did . ' ' let her be brought before me , ' said the king .","['The king enjoyed the soup he had after the dance and found a gold ring at the bottom of the dish.', ""The cook was terrified when summoned by the king and initially tried to blame a hair for the ring's presence."", 'The cook confessed that he did not cook the soup; the many-furred creature did.']","['What did the king do after the dance?', 'What did the cook do when summoned by the king?', 'Who cooked the soup?']","['The king enjoyed the soup he had after the dance and found a gold ring at the bottom of the dish.', ""The cook was terrified and initially tried to blame a hair for the ring's presence."", 'The many-furred creature did.']","['action', 'action', 'action']"
"when the flower queen heard that her daughter wanted to marry the prince , she said to him : ' i will give my consent to your marriage gladly , but my daughter can only stay with you in summer . in winter , when everything is dead and the ground covered with snow , she must come and live with me in my palace underground . ' the prince consented to this , and led his beautiful bride home , where the wedding was held with great pomp and magnificence . the young couple lived happily together till winter came , when the flower queen 's daughter departed and went home to her mother . in summer she returned to her husband , and their life of joy and happiness began again , and lasted till the approach of winter , when the flower queen 's daughter went back again to her mother . this coming and going continued all her life long , and in spite of it they always lived happily together .","['The flower queen agreed to the marriage but required her daughter to live with her underground in winter.', ""The prince and the flower queen's daughter had a wedding with great pomp and magnificence."", 'The couple lived happily together during the summer until winter came, when the daughter had to return to her mother.']","['What action did the flower queen take regarding the marriage?', ""What action did the prince and the flower queen's daughter take?"", 'What happens to the daughter when winter comes?']","['The flower queen agreed to the marriage but required her daughter to live with her underground in winter.', 'They had a wedding with great pomp and magnificence.', 'The daughter had to return to her mother.']","['action', 'action', 'outcome resolution']"
"when the many - furred creature came , the king asked her who she was . ' i am a poor child without father or mother . ' then he asked her , ' what do you do in my palace ? ' ' i am of no use except to have boots thrown at my head . ' ' how did you get the ring which was in the soup ? ' he asked . ' i know nothing at all about the ring , ' she answered . so the king could find out nothing , and was obliged to send her away . after a time there was another feast , and the many - furred creature begged the cook as at the last one to let her go and look on . he answered , ' yes , but come back again in half - an - hour and cook the king the bread - soup that he likes so much . ' so she ran away to her little room , washed herself quickly , took out of the nut the dress as silver as the moon and put it on . then she went upstairs looking just like a king 's daughter , and the king came towards her , delighted to see her again , and as the dance had just begun , they danced together .","['The many-furred creature claimed to be a poor child without father or mother.', 'The king asked the many-furred creature about the ring in the soup, but she claimed to know nothing about it.', 'The many-furred creature begged the cook to let her watch the feast and was allowed to return in half an hour to cook bread-soup for the king.', 'The many-furred creature transformed into a beautiful figure and danced with the king.']","['What did the many-furred creature claim to be?', 'What did the king ask the many-furred creature about?', 'What did the many-furred creature do to be allowed to watch the feast?', 'What did the many-furred creature do with the king?']","['A poor child without father or mother.', 'The king asked the many-furred creature about the ring in the soup.', 'The many-furred creature begged the cook to let her watch the feast.', 'The many-furred creature transformed into a beautiful figure and danced with the king.']","['action', 'action', 'action', 'action']"
"when the sea king had finished speaking he turned to his two daughters and bade them bring him the two tide - jewels of the sea . the two princesses bowed low , rose and glided out of the hall . in a few minutes they returned , each one carrying in her hands a flashing gem which filled the room with light . as the happy hunter looked at them he wondered what they could be . the sea king took them from his daughters and said to his guest : "" these two valuable talismans we have inherited from our ancestors from time immemorial . we now give them to you as a parting gift in token of our great affection for you . these two gems are called the nanjiu and the kanjiu . ""","['The sea king asked his daughters to bring him the two tide-jewels of the sea.', 'The two princesses returned with flashing gems that filled the room with light.', 'The sea king presented the gems, called the nanjiu and the kanjiu, to his guest as a parting gift.']","['What did the sea king ask his daughters to bring him?', 'What did the two princesses return with?', 'What did the sea king present to his guest?']","['The two tide-jewels of the sea.', 'The two princesses returned with flashing gems.', 'The sea king presented the gems, called the nanjiu and the kanjiu, to his guest as a parting gift.']","['action', 'action', 'action']"
"when the second old man heard these words he ran out of his hiding - place in the tree and , kneeling down before the oni , said : "" i have been waiting for a long time for you to speak ! "" "" ah , you are the old man of yesterday , "" said the demon chief . "" thank you for coming , you must dance for us soon . ""","['The second old man ran out of his hiding place in the tree when he heard the words of the oni.', 'The demon chief recognized the old man as the old man of yesterday and thanked him for coming.']","['What did the second old man do when he heard the words of the oni?', 'What did the demon chief do when he recognized the old man?']","['The second old man ran out of his hiding place in the tree.', 'The demon chief thanked him for coming.']","['action', 'action']"
"when the young man reached home his thoughts were all in confusion . and he sat down absent - mindedly like a wooden rooster . now it happened that he had an old servant named molo , who was an extraordinary being . "" what is the trouble , master , "" said he . "" why are you so sad ? do you not want to tell your old slave about it ? "" so the boy told him what had occurred , and also mentioned the signs the girl had made to him in secret .","['The young man returned home feeling confused and absent-minded.', 'The young man confided in his old servant Molo about his troubles and the signs the girl had made to him in secret.']","['How did the young man feel when he returned home?', 'What did the young man do regarding his troubles?']","['He felt confused and absent-minded.', 'The young man confided in his old servant Molo about his troubles and the signs the girl had made to him in secret.']","['feeling', 'action']"
"when the youth came to the first princess , she called out to him , and begged him most earnestly to come to her ; but he went on as though he had not seen her . and he passed the next one in the same manner ; but went over to the third . "" if you will do what i tell you to , you shall have whichever one of us you want , "" said she . yes , he would do what she wanted . so she told him that three trolls had wished them into the earth where they were ; but that formerly they had dwelt in the castle he saw on the edge of the forest .","['The youth ignored the first two princesses who called out to him.', 'The third princess promised the youth that he could have whichever princess he wanted if he did what she asked.', 'The third princess revealed that three trolls had wished them into the earth where they were.']","['What did the youth do when the first two princesses called out to him?', 'What did the third princess promise the youth?', 'What did the third princess reveal?']","['The youth ignored the first two princesses who called out to him.', 'The third princess promised the youth that he could have whichever princess he wanted if he did what she asked.', 'The third princess revealed that three trolls had wished them into the earth where they were.']","['action', 'action', 'action']"
"when their father died , both of them were of age , and not long after they both had to go out to the sand - banks to fetch some fishing - nets , which had been left there since the summer fishing . it was late in the fall , after the time when most fishermen are busy with the summer fishing . andrew had his gun along , which he carried with him wherever he went . john nicholas did not say much while they were underway ; but he thought all the harder . they were not ready to set out for home again until near evening .","['Andrew and John Nicholas went to the sand-banks to fetch fishing nets left from the summer fishing.', 'Andrew carried his gun with him wherever he went.', 'They were not ready to set out for home until near evening.']","['Why did Andrew and John Nicholas go to the sand-banks?', 'What did Andrew carry with him wherever he went?', 'What were they not ready to do until near evening?']","['To fetch fishing nets left from the summer fishing.', 'His gun.', 'They were not ready to set out for home.']","['causal relationship', 'action', 'action']"
"without waiting for the king 's order the cuttlefish had already started for the tai 's dwelling , and he now returned , bringing the tai with him . he led him before the king . the tai sat there looking frightened and ill . he certainly was in pain , for his usually red face was pale , and his eyes were nearly closed and looked but half their usual size . "" answer , o tai ! "" cried the sea king , "" why did you not come in answer to my summons today ? "" "" i have been ill since yesterday , "" answered the tai ; "" that is why i could not come . "" "" do n't say another word ! "" cried out ryn jin angrily . "" your illness is the punishment of the gods for stealing the mikoto 's hook . "" "" it is only too true ! "" said the tai ; "" the hook is still in my throat , and all my efforts to get it out have been useless . i ca n't eat , and i can scarcely breathe , and each moment i feel that it will choke me , and sometimes it gives me great pain . i had no intention of stealing the mikoto 's hook . i heedlessly snapped at the bait which i saw in the water , and the hook came off and stuck in my throat . so i hope you will pardon me . ""","[""The cuttlefish brought the tai before the sea king after not waiting for the king's order."", 'The tai looked frightened and ill, with a pale face and nearly closed eyes.', 'The tai explained that he could not come because he had been ill since yesterday.', ""Ryn Jin angrily accused the tai of being punished by the gods for stealing the mikoto's hook."", 'The tai revealed that the hook was stuck in his throat, causing him pain and difficulty breathing.']","['What action did the cuttlefish take before the sea king?', 'What traits does the tai exhibit in the sentence?', 'Why could the tai not come?', 'What did Ryn Jin accuse the tai of?', 'What did the tai reveal about the hook?']","[""The cuttlefish brought the tai before the sea king after not waiting for the king's order."", 'The tai looked frightened and ill, with a pale face and nearly closed eyes.', 'He could not come because he had been ill since yesterday.', ""Ryn Jin accused the tai of being punished by the gods for stealing the mikoto's hook."", 'The tai revealed that the hook was stuck in his throat, causing him pain and difficulty breathing.']","['action', 'character', 'causal relationship', 'action', 'action']"
