story_section,event_summaries,questions,answers,attributes
""" eating is hard work in this country , "" said the merchant . "" how is it the folk here have no cats ? "" "" cats ? "" said the people : they did not know what they were . then the merchant had the cat that he had bought for the scullion brought , and when the cat went over the table , the mice had to hurry into their holes , and not in the memory of man had the people been able to eat in such comfort . then they begged and implored the merchant to sell them his cat . at last he said he would let them have her ; but he wanted a hundred dollars for her , and this they paid , and thanked him kindly into the bargain .","[""The people were surprised that they had no cats and didn't know what they were."", 'A merchant brought a cat to the table, which chased away the mice and allowed the people to eat in comfort.', 'The people begged the merchant to sell them the cat, and he agreed for a price of $100.']","['What did the people do when they found out they had no cats?', 'What did the merchant bring to the table?', 'What was the price at which the merchant agreed to sell the cat?']","[""They didn't know what they were."", 'the cat', '$100']","['action', 'action', 'outcome resolution']"
""" for heaven 's sake , are you back again ? "" asked his wife . "" yes , there was no one there who paid any attention to me , or even so much as looked at me , "" said the man , "" and when people show me so little consideration , it seems as though i have nothing to look for there . "" "" but where are you ? i can hear you , but i can not see you ! "" cried his wife .","['The man returned home, feeling unimportant because no one paid attention to him.', ""His wife could hear him but couldn't see him.""]","['Why did the man return home feeling unimportant?', 'Can his wife hear him?']","['no one paid attention to him.', 'Yes']","['causal relationship', 'action']"
""" for whom hast thou purchased that ? "" he asked , hoping to hear that it was intended for him . "" tis a christmas gift for thy brother paul , "" answered his mother , and she would have gone on to tell him how deadly a thing it was , had he given her time to speak . but her words fanned his fury into madness , for it seemed to him that this hated brother of his was claiming everything . "" everything is for paul ! i am sick of his very name , "" he cried . "" by my troth , he shall not have this ! "" and he snatched the vest from the table . it was in vain that his mother and his aunt threw themselves at his feet , begging him to lay it down , and warning him that there was not a thread in it which was not poisoned . he paid no heed to their words , but rushed from the room , and , drawing it on , ran downstairs with a reckless laugh , to show the lady morna how fine he was .","['The mother had purchased a Christmas gift for Paul.', 'The son became enraged when he thought that the gift was intended for his brother Paul.', ""He snatched the poisoned vest from the table and ran downstairs to show it off, despite his family's warnings.""]","['Who purchased a Christmas gift?', 'Why did the son become enraged?', ""Why did he show off the poisoned vest despite his family's warnings?""]","['The mother', 'Because he thought the gift was intended for his brother Paul.', 'He wanted to show it off.']","['action', 'causal relationship', 'causal relationship']"
""" god be praised for good company ! that was just what i needed . yes , it is true , as i have always said , that i was born under a lucky star , "" thought andrew to himself ; perhaps he said so too , for occasionally he really had to talk a little . so he lived through the fall . once he saw a boat , and hung a rag on a pole and waved with it ; but that very moment the sail dropped , and the crew took to the oars and rowed away at top speed , for they thought the meer - trolls were making signs and waving .","['Andrew thought that he was born under a lucky star and was grateful for the company.', 'A boat saw Andrew waving with a rag on a pole and took off quickly thinking it was being signaled by Meer-trolls.']","['What was Andrew grateful for?', 'What happened to the boat after it took off?']","['the company', 'It took off quickly.']","['action', 'outcome resolution']"
""" hark , lucky andrew , do you know there will be a storm to - night ? "" said john nicholas , and looked out across the sea . "" i think it would be best if we stayed here until morning ! "" "" there 'll be no storm , "" said andrew . "" the seven sisters have not put on their fog - caps , so you may be quite at rest . ""","['John Nicholas warned Andrew that there would be a storm that night.', 'Andrew was skeptical, saying that if the Seven Sisters had not put on their fog-caps, then there would be no storm.']","['Who warned Andrew that there would be a storm?', 'What did the Seven Sisters do before the storm?']","['John Nicholas', 'They put on their fog-caps.']","['action', 'action']"
""" if there be one thing i am fond of , it is a glass of ale and a well - toasted cake , "" he cried . "" so come inside here , and welcome to you . "" but as soon as the little bannock heard of the ale , it turned and ran out of the smithy as fast as it could , and the disappointed smith picked up his hammer and ran after it . and when he saw that he could not catch it , he flung his heavy hammer at it , in the hope of knocking it down , but , luckily for the little cake , he missed his aim . after this the bannock came to a farmhouse , with a great stack of peats standing at the back of it . in it went , and ran to the fireside . in this house the master had all the lint spread out on the floor , and was cloving it with an iron rod , while the mistress was heckling what he had already cloven .","['The little bannock ran away from the smithy when it heard about ale.', 'The smith tried to catch the bannock with his hammer but missed.', 'The bannock went to a farmhouse where it found people working on peats and lint.']","['What did the little bannock do when it heard about ale?', 'What did the smith try to do with his hammer?', 'Where did the bannock go?']","['It ran away from the smithy.', 'catch the bannock', 'a farmhouse']","['action', 'action', 'setting']"
""" let us hold our peace till after yule , "" she pleaded . "" it will be a joy to keep our secret to ourselves for a little space ; there will be time enough then to let all the world know . "" rather reluctantly , earl paul agreed ; and next day he set off for the palace at orphir , leaving his lady - love behind him . little he guessed the danger he was in ! for , all unknown to him , his step - aunt , countess fraukirk , had chanced to be in the hall , the evening before , hidden behind a curtain , and she had overheard every word that morna and he had spoken , and her heart was filled with black rage . for she was a hard , ambitious woman , and she had always hated the young earl , who was no blood - relation to her , and who stood in the way of his brother , her own nephew ; for , if paul were only dead , harold would be the sole earl of orkney . and now that he had stolen the heart of the lady morna , whom her own nephew loved , her hate and anger knew no bounds . she had hastened off to her sister 's chamber as soon as the lovers had parted ; and there the two women had remained talking together till the chilly dawn broke in the sky .","['Earl Paul agreed to keep his secret until after Yule, leaving Lady Morna behind.', ""Countess Fraukirk overheard Earl Paul and Lady Morna's conversation and was filled with black rage and ambition to see her nephew Harold become the sole earl of Orkney.""]","['What did Earl Paul agree to do?', ""What event triggered Countess Fraukirk's black rage and ambition?""]","['Keep his secret', ""Overhearing Earl Paul and Lady Morna's conversation.""]","['action', 'causal relationship']"
""" madam , "" she said , with a sob in her voice , "" i bid you welcome to the house of kittlerumpit , although you find its mistress one of the most unfortunate women in the world . "" "" hout - tout , "" answered the old lady , in such a harsh voice that the young woman started , and grasped her baby tighter in her arms . "" ye have little need to say that . ye have lost your husband , i grant ye , but there were waur losses at shirra - muir . and now your pig is like to die -- i could , maybe , remedy that . but i must first hear how much ye wad gie me if i cured him . "" "" anything that your ladyship 's madam likes to ask , "" replied the widow , too much delighted at having the animal 's life saved to think that she was making rather a rash promise . "" very good , "" said the old dame , and without wasting any more words she walked straight into the pig - sty .","['The widow was welcomed into the house of Kittlerumpit, but was met with a harsh tone by the old lady.', ""The old lady revealed that she had lost loved ones at Shirra-muir and implied that the widow's loss was less significant."", 'The old lady demanded payment in exchange for curing the pig.']","[""What was the consequence of the old lady's harsh tone towards the widow?"", 'What did the old lady reveal?', 'What did the old lady demand in exchange for curing the pig?']","['The widow was welcomed into the house, but was met with a harsh tone by the old lady.', 'She revealed that she had lost loved ones at Shirra-muir.', 'payment']","['outcome resolution', 'action', 'action']"
""" now you must go to the castle , and let the trolls whip you one night through for each one of us , "" said she , "" and if you can hold out , you will have delivered us . "" "" yes , "" said the youth , he could manage that . "" when you go in , "" added the princess , "" you will find two lions standing by the door ; but if you pass directly between them , they will do you no harm . go on into a dark little room and lie down , and then the troll will come and beat you ; but after that you must take the bottle that hangs on the wall , and anoint yourself where he has beaten you , and you will be whole again . and take the sword that hangs beside the bottle , and kill the troll with it . "" he did as the princess had told him , passed between the lions as though he did not see them , and right into the little room , where he lay down . the first night a troll with three heads and three whips came , and beat the youth badly ; but he held out , and when the troll had finished , he took the bottle and anointed himself , grasped the sword and killed the troll . when he came out in the morning the princesses were out of the ground up to their waists . the next night it was the same ; but the troll who came this time had six heads and six whips , and beat him worse than the first one .","['The youth was sent to the castle by the princess to be whipped by trolls, one night for each person trapped in the ground.', 'The youth passed between two lions and entered a dark room where he was beaten by a troll with three heads and three whips.', 'The youth anointed himself with a bottle on the wall and killed the troll with a sword.', 'The next night, the troll had six heads and six whips and beat the youth worse than before.']","['What action did the princess take regarding the youth?', 'What beat the youth?', 'What action did the youth take first?', 'What did the troll do to the youth?']","['Sending him to be whipped by trolls.', 'A troll with three heads and three whips.', 'Anointing himself with a bottle on the wall.', 'beat the youth worse than before']","['action', 'action', 'action', 'action']"
""" of course , i wo n't give you my liver , but come and get it if you can ! "" added the monkey mockingly from the tree . there was nothing for the jelly fish to do now but to repent of his stupidity , and to return to the dragon king of the sea and to confess his failure , so he started sadly and slowly to swim back . the last thing he heard as he glided away , leaving the island behind him , was the monkey laughing at him . meanwhile the dragon king , the doctor , the chief steward , and all the servants were waiting impatiently for the return of the jelly fish . when they caught sight of him approaching the palace , they hailed him with delight . they began to thank him profusely for all the trouble he had taken in going to monkey island , and then they asked him where the monkey was .","['The monkey mocked the jellyfish, refusing to give him his liver.', ""The jellyfish returned to the dragon king's palace, defeated and sad."", ""The dragon king and his servants were waiting for the jellyfish's return and asked him about the monkey.""]","['What did the monkey refuse to give to the jellyfish?', ""What did the jellyfish do to the dragon king's palace?"", 'What were the dragon king and his servants waiting for?']","['his liver', 'Returned', ""the jellyfish's return""]","['action', 'action', 'action']"
""" oh , janet , "" cried the goodman in surprise , "" here comes in a little bannock . it looks rare and good to eat . i 'll have one half of it . "" "" and i 'll have the other half , "" cried the goodwife . "" hit it over the back with your cloving - stick , sandy , and knock it down . quick , or it will be out at the door again . "" but the bannock played "" jook - about , "" and dodged behind a chair . "" hoot ! "" cried janet contemptuously , for she thought that her husband might easily have hit it , and she threw her heckle at it . but the heckle missed it , just as her husband 's cloving - rod had done , for it played "" jook - about "" again , and flew out of the house .","['A bannock enters the house and the goodman wants to eat half of it.', 'The goodwife also wants to eat half of the bannock.', 'Janet tries to hit the bannock with a heckle, but misses it as it dodges behind a chair.', ""The bannock plays 'jook-about' again and flies out of the house.""]","['What does the goodman want to do with the bannock?', 'What does the goodwife want to do with the bannock?', 'What does Janet try to do to the bannock?', 'What happens next after the bannock flies out of the house?']","['Eat half of it', 'Eat half of it', 'hit it', 'The bannock flies out of the house.']","['action', 'action', 'action', 'outcome resolution']"
""" oh , sweet madam mistress , "" she cried , "" spare me my bairn , and take , and thou wilt , the pig instead . "" "" we have no need of bacon where i come from , "" answered the fairy coldly ; "" so give me the laddie and let me begone -- i have no time to waste in this wise . "" "" oh , dear lady mine , "" pleaded the goodwife , "" if thou wilt not have the pig , wilt thou not spare my poor bairn and take me myself ? "" the fairy stepped back a little , as if in astonishment . "" art thou mad , woman , "" she cried contemptuously , "" that thou proposest such a thing ? who in all the world would care to take a plain - looking , red - eyed , dowdy wife like thee with them ? ""","[""The fairy tried to take the goodwife's child in exchange for a pig."", 'The goodwife offered herself to the fairy instead of giving up her child.']","['What did the fairy try to take from the goodwife?', 'What did the goodwife offer to the fairy?']","['the child', 'herself']","['action', 'action']"
""" oh , there will be no difficulty about your getting there , "" said the old man ; "" i can soon make something for you to ride on through the sea . "" "" thank you , "" said the happy hunter , "" i shall be very grateful to you if you will be so kind . "" the old man at once set to work , and soon made a basket and offered it to the happy hunter . he received it with joy , and taking it to the water , mounted it , and prepared to start . he bade good by to the kind old man who had helped him so much , and told him that he would certainly reward him as soon as he found his hook and could return to japan without fear of his brother 's anger . the old man pointed out the direction he must take , and told him how to reach the realm of ryn gu , and watched him ride out to sea on the basket , which resembled a small boat .","['The old man made a basket for the happy hunter to ride on through the sea.', 'The happy hunter bid farewell to the old man and set off towards the realm of Ryn Gu.']","['What did the old man make?', 'Where did the happy hunter set off towards?']","['a basket', 'Ryn Gu']","['action', 'setting']"
""" then what can i do ? "" asked the distressed man . "" you had better go down to ryn gu and tell ryn jin , the dragon king of the sea , what your trouble is and ask him to find the hook for you . i think that would be the best way . "" "" your idea is a splendid one , "" said the happy hunter , "" but i fear i can not get to the sea king 's realm , for i have always heard that it is situated at the bottom of the sea . ""","['The happy hunter suggested that the distressed man go down to Ryn Gu and tell Ryn Jin about his trouble.', ""The distressed man is hesitant because he has heard that Ryn Jin's realm is at the bottom of the sea.""]","['What did the happy hunter suggest?', 'Why is the distressed man hesitant?']","['That the distressed man go down to Ryn Gu and tell Ryn Jin about his trouble.', ""He has heard that Ryn Jin's realm is at the bottom of the sea.""]","['action', 'causal relationship']"
""" well , "" said the chief steward , "" if you depend on your strength or dexterity you will never catch a monkey . the only way is to play a trick on one ! "" "" how can i play a trick on a monkey ? i do n't know how to do it , "" said the perplexed jelly fish . "" this is what you must do , "" said the wily chief steward . "" when you approach the island of monkeys and meet some of them , you must try to get very friendly with one . tell him that you are a servant of the dragon king , and invite him to come and visit you and see the dragon king 's palace . try and describe to him as vividly as you can the grandeur of the palace and the wonders of the sea so as to arouse his curiosity and make him long to see it all ! "" "" but how am i to get the monkey here ? you know monkeys do n't swim ? "" said the reluctant jelly fish . "" you must carry him on your back . what is the use of your shell if you ca n't do that ! "" said the chief steward . "" wo n't he be very heavy ? "" queried kurage again . "" you must n't mind that , for you are working for the dragon king , "" replied the chief steward . "" i will do my best then , "" said the jelly fish , and he swam away from the palace and started off towards the monkey island . swimming swiftly he reached his destination in a few hours , and landed by a convenient wave upon the shore . on looking round he saw not far away a big pine - tree with drooping branches and on one of those branches was just what he was looking for - a live monkey .","['The chief steward taught the jellyfish how to trick a monkey into coming with him.', 'The jellyfish swam to the monkey island and found a suitable location to pick up the monkey.', 'The jellyfish successfully picked up a live monkey from a pine tree branch.']","['Who taught the jellyfish how to trick a monkey?', 'What did the jellyfish do?', 'What did the jellyfish pick up?']","['The chief steward', 'swam to the monkey island and found a suitable location to pick up the monkey', 'a live monkey']","['action', 'action', 'action']"
""" well , "" said the man , "" i will lend you a pair of snowshoes . when you stand in them you will come to my brother , who lives a hundred miles further on . he is the lord of all the fishes in the sea . ask him . but do not forget to turn the snowshoes around again . "" the king thanked him , stepped into the snowshoes , and when he came to the one who was lord of all the fishes in the sea , he turned them around , and they ran back like the others . there he once more asked about whiteland . the man called up his fishes with his horn , but none of them knew anything about it . at last there came an old , old carp , whom he had called with his horn only at the cost of much trouble . when he asked him , he said : "" yes , i know it well , for i was cook there for fully ten years . to - morrow i have to go back again , because our queen , whose king has not come home again , is going to marry some one else . "" "" if such be the case , "" said the man , "" i 'll give you a bit of advice . out there by the wall three brothers have been standing for the last hundred years , fighting with each other about a hat , a cloak and a pair of boots . any one who has these three things can make himself invisible , and wish himself away as far as ever he will . you might say that you would test their possessions , and then decide their quarrel for them . ""","['The king was given snowshoes by a man to help him reach his brother, who lives a hundred miles further on.', 'The king met the brother, who is the lord of all the fishes in the sea, and asked for information about Whiteland.', 'An old carp told the king that he had been cook in Whiteland for ten years, but now has to return because the queen is getting married again.', 'The man gave the king advice on how to find Whiteland by testing three brothers who have been fighting over a hat, cloak, and boots.']","['Who gave the king snowshoes?', ""What is the brother's title related to?"", 'How long has the old carp been away from Whiteland?', 'What action did the man take for the king?']","['a man', 'the lord of all the fishes in the sea', 'ten years', 'Giving advice']","['action', 'character', 'action', 'action']"
""" what 's that ? "" said he , "" for the bowl of brose that i had at supper - time was n't very big . "" "" catch it , then , "" answered his wife , "" and i 'll have a bit , too . quick ! quick ! throw your coat over it or it will be away . "" so the goodman threw his coat right on the top of the little bannock , and almost managed to smother it ; but it struggled bravely , and got out , breathless and hot , from under it . then it ran out into the grey light again , for night was beginning to fall , and the goodman ran out after it , without his coat . he chased it and chased it through the stackyard and across a field , and in amongst a fine patch of whins . then he lost it ; and , as he was feeling cold without his coat , he went home .","[""A small bannock (a type of bread) suddenly came to life and escaped from the goodman's supper."", 'The goodman tried to catch the bannock by throwing his coat over it, but it managed to escape.', 'The goodman chased after the bannock through various locations around his farm, including a stackyard, a field, and a patch of whins.']","[""What action did the goodman's supper suddenly take?"", 'What did the goodman try to do with his coat?', 'Where did the goodman chase the bannock?']","['It came to life and escaped.', 'Throw his coat over the bannock', 'Around his farm, including a stackyard, a field, and a patch of whins.']","['action', 'action', 'setting']"
""" ye promised me what i liked to ask , and i have asked your son ; and your son i will have , "" she replied , "" so it is useless making such a din about it . but one thing i may tell you , for i know well that the knowledge will not help you . by the laws of fairy - land , i can not take the bairn till the third day after this , and if by that time you have found out my name i can not take him even then . but ye will not be able to find it out , of that i am certain . so i will call back for the boy in three days . "" and with that she disappeared round the back of the pig - sty , and the poor mother fell down in a dead faint beside the stone . all that day , and all the next , she did nothing but sit in her kitchen and cry , and hug her baby tighter in her arms ; but on the day before that on which the fairy said that she was coming back , she felt as if she must get a little breath of fresh air , so she went for a walk in the fir wood behind the house .","[""The fairy queen took the mother's baby and promised to return it in three days."", 'The fairy queen warned the mother that she would not be able to find out her name, but gave her a chance to try.', 'The mother went for a walk in the fir wood on the day before the fairy was coming back.']","['What action did the fairy queen take?', 'What action did the fairy queen take towards the mother?', 'What did the mother do before the fairy came back?']","[""She took the mother's baby."", 'She gave her a chance to try.', 'She went for a walk in the fir wood.']","['action', 'action', 'action']"
""" yes , and i 'm sure it is because you have the jacket , poor fellow ! "" said the boy . but when he looked more closely , there was a chest full of bright silver coins under the stone . "" that must be stolen money , "" thought the boy , "" for no one lays money honestly earned under stones in the wood . "" and he took the chest , and carried it down to the pond nearby , and threw in the whole pile of money . but a four - shilling piece was left swimming on the top of the water . "" well , this one is honest , for whatever is honest will float , "" said the boy . and he took the four - shilling piece and the jacket home with him . he told his mother what had happened to him , that the stone had turned around , and that he had found a chest full of silver coins , and had thrown it into the pond because it was stolen money . "" but a four - shilling piece floated , and that i took along , because it was honest , "" said the boy . "" you are a fool , "" said the woman -- for she was as angry as could be--""if nothing were honest save what floats on the water , there would be but little honesty left in the world . and if the money had been stolen ten times over , still you had found it , and charity begins at home . if you had kept the money , we might have passed the rest of our lives in peace and comfort . but you are a dunderhead and will stay a dunderhead , and i wo n't be tormented and burdened with you any longer . now you must get out and earn your own living . ""","['The boy found a chest of silver coins under a stone in the woods.', 'The boy threw the money into the pond because he thought it was stolen.', ""A four-shilling piece floated and the boy kept it as 'honest' money."", ""The boy's mother scolded him for being foolish and told him to leave home to earn his own living.""]","['What did the boy find under a stone in the woods?', 'Why did the boy throw the money into the pond?', 'Why did the boy keep the four-shilling piece?', ""What did the boy's mother do?""]","['A chest of silver coins', 'Because he thought it was stolen.', 'Because it floated.', 'She scolded him.']","['action', 'causal relationship', 'causal relationship', 'action']"
""" you are hohodemi , the augustness , sometimes called the happy hunter , are you not ? "" asked the old man . "" what are you doing alone in such a place ? "" "" yes , i am he , "" answered the unhappy young man . "" unfortunately , while fishing i lost my brother 's precious fishing hook . i have hunted this shore all over , but alas ! i can not find it , and i am very troubled , for my brother wo n't forgive me till i restore it to him . but who are you ? "" "" my name is shiwozuchino okina , and i live near by on this shore . i am sorry to hear what misfortune has befallen you . you must indeed be anxious . but if i tell you what i think , the hook is nowhere here - it is either at the bottom of the sea or in the body of some fish who has swallowed it , and for this reason , though you spend your whole life in looking for it here , you will never find it . ""","[""Hohodemi lost his brother's precious fishing hook while fishing."", 'Shiwozuchino Okina told Hohodemi that the hook is likely at the bottom of the sea or in the body of a fish who swallowed it.']","[""What happened as a result of Hohodemi losing his brother's precious fishing hook?"", 'What did Shiwozuchino Okina tell Hohodemi?']","['He lost it while fishing.', 'Shiwozuchino Okina told Hohodemi that the hook is likely at the bottom of the sea or in the body of a fish who swallowed it.']","['outcome resolution', 'action']"
"' ah , you have a gun , ' said the farmer as the young man placed it in a corner . ' that is well , for a deer comes every evening to eat my corn , and i can not catch it . it is fortune that has sent you to me . ' ' i will gladly remain and shoot the deer for you , ' replied the youth , and that night he hid himself and watched till the deer came to the cornfield ; then he lifted his gun to his shoulder and was just going to pull the trigger , when , behold ! instead of a deer , a woman with long black hair was standing there . at this sight his gun almost dropped from his hand in surprise , but as he looked , there was the deer eating the corn again . and thrice this happened , till the deer ran away over the moor , and the young man after her .","['A farmer asked a young man to shoot a deer that was eating his corn.', 'Instead of a deer, a woman with long black hair appeared three times before the actual deer was seen.', 'The young man chased after the deer as it ran away over the moor.']","['Who did the farmer ask to shoot the deer?', 'What was the first apparition of in the forest?', 'What did the young man do as the deer ran away?']","['The young man', 'A woman with long black hair', 'He chased after it.']","['action', 'character', 'action']"
"' all hail , fisher 's son ! ' said she . ' i know what you are seeking ; enter in and rest and eat , and to - morrow i will give you what help i can , and send you on your way . ' gladly did ian the fisher 's son accept her offer , and all that day he rested , and the woman gave him ointment to put on his feet , which healed his sores . at daybreak he got up , ready to be gone , and the woman bade him farewell , saying : ' i have a sister who dwells on the road which you must travel . it is a long road , and it would take you a year and a day to reach it , but put on these old brown shoes with holes all over them , and you will be there before you know it . then shake them off , and turn their toes to the known , and their heels to the unknown , and they will come home of themselves . '","[""Ian accepted the woman's offer of rest and food."", 'The woman gave Ian ointment to heal his sores.', ""The woman gave Ian a pair of magical brown shoes that would allow him to reach her sister's house in a short amount of time.""]","['What did Ian accept from the woman?', 'Who gave Ian ointment?', 'What did the woman give to Ian?']","[""The woman's offer"", 'The woman.', 'A pair of magical brown shoes']","['action', 'action', 'action']"
"' art thou satisfied now ? ' said matte to his wife . ' i should be quite satisfied , ' said his wife , ' if only i had two servants to help , and if i had some finer clothes . do n't you know that i am addressed as madam ? ' ' well , well , ' said her husband . so maie got several servants and clothes fit for a great lady . ' everything would now be perfect if only we had a little better dwelling for summer . you might build us a two - storey house , and fetch soil to make a garden . then you might make a little arbour up there to let us have a sea - view ; and we might have a fiddler to fiddle to us of an evening , and a little steamer to take us to church in stormy weather . ' ' anything more ? ' asked matte ; but he did everything that his wife wished . the rock ahtola became so grand and maie so grand that all the sea - urchins and herring were lost in wonderment . even prince was fed on beefsteaks and cream scones till at last he was as round as a butter jar . ' are you satisfied now ? ' asked matte . ' i should be quite satisfied , ' said maie , ' if only i had thirty cows . at least that number is required for such a household . ' ' go to the fairies , ' said matte .","[""Matte's wife, Maie, was dissatisfied with their current living situation and made a long list of demands to her husband."", ""Matte fulfilled all of his wife's wishes, including building a grand house, hiring servants, and buying expensive clothes and food."", 'Maie continued to make more and more extravagant demands, eventually asking for 30 cows.']","['What did Maie do?', 'What did Matte hire?', 'What did Maie ask for?']","['She made a long list of demands to her husband.', 'servants', '30 cows']","['action', 'action', 'action']"
"' bear me to the kingdom of the king under the waves , ' he answered , and one little bird flew on to his head , and the others perched on each of his shoulders , and he shut his eyes , and in a moment there he was in the country under the sea . then the birds flew away , and the young man looked about him , his heart beating fast at the thought that here dwelt the lady whom he had sought all the world over . he walked on through the streets , and presently he reached the house of a weaver who was standing at his door , resting from his work . ' you are a stranger here , that is plain , ' said the weaver , ' but come in , and i will give you food and drink . ' and the young man was glad , for he knew not where to go , and they sat and talked till it grew late .","['The young man was transported to the underwater kingdom by birds.', 'He met a weaver who offered him food and drink and they talked until late at night.']","['Who transported the young man?', 'What did he meet?']","['birds', 'a weaver']","['action', 'action']"
"' here i must leave you , ' said the deer , ' but to - morrow meet me at midday in the church that is yonder . ' and jumping across the stream , she vanished into a wood . next day he set out for the church , but the old woman of the cottage had gone before him , and had stuck an enchanted stick called ' the spike of hurt ' in a crack of the door , so that he would brush against it as he stepped across the threshold . suddenly he felt so sleepy that he could not stand up , and throwing himself on the ground he sank into a deep slumber , not knowing that the dark lad was watching him . nothing could waken him , not even the sound of sweetest music , nor the touch of a lady who bent over him . a sad look came on her face , as she saw it was no use , and at last she gave it up , and lifting his arm , wrote her name across the side--'the daughter of the king of the town under the waves . ' ' i will come to - morrow , ' she whispered , though he could not hear her , and she went sorrowfully away .","['The deer told the young man to meet her at midday in the church yonder.', ""The old woman of the cottage had stuck an enchanted stick called 'the spike of hurt' in the crack of the door, causing the young man to fall asleep."", 'A lady bent over the young man and tried to wake him up, but was unable to do so.']","['At what time and where should the young man meet the deer?', 'What did the old woman do with the enchanted stick?', 'What was the state of the young man?']","['Midday in the church yonder.', 'She stuck it in the crack of the door.', 'unconscious']","['setting', 'action', 'character']"
"' i positively must get a good meal before i go back to my den , ' he said to himself ; ' it is nearly a week since i have tasted anything but scraps , though perhaps no one would think it to look at my figure ! of course there are plenty of rabbits and hares in the mountains ; but indeed one needs to be a greyhound to catch them , and i am not so young as i was ! if i could only dine off that fox i saw a fortnight ago , curled up into a delicious hairy ball , i should ask nothing better ; i would have eaten her then , but unluckily her husband was lying beside her , and one knows that foxes , great and small , run like the wind . really it seems as if there was not a living creature left for me to prey upon but a wolf , and , as the proverb says : ' one wolf does not bite another . ' however , let us see what this village can produce . i am as hungry as a schoolmaster . ' now , while these thoughts were running through the mind of the wolf , the very fox he had been thinking of was galloping along the other road .","['The wolf thought about catching a rabbit or hare in the mountains but decided it was too difficult.', 'The wolf remembered seeing a fox curled up with her husband nearby, which made him decide not to eat her.', 'A fox that the wolf had been thinking about is now galloping along another road.']","['What did the wolf decide to do?', 'Why did the wolf decide not to eat the fox?', 'What is now galloping along another road?']","['decide it was too difficult', 'Because she was curled up with her husband.', 'A fox']","['action', 'action', 'action']"
"' i will give them , ' answered the man , and he took the horse , and the youth took the gun and the dog and the falcon , and went home with them . but when his mother heard what he had done she was very angry , and beat him with a stick which she had in her hand . ' that will teach you to sell my property , ' said she , when her arm was quite tired , but ian her son answered her nothing , and went off to his bed , for he was very sore . that night he rose softly , and left the house carrying the gun with him . ' i will not stay here to be beaten , ' thought he , and he walked and he walked and he walked , till it was day again , and he was hungry and looked about him to see if he could get anything to eat . not very far off was a farm - house , so he went there , and knocked at the door , and the farmer and his wife begged him to come in , and share their breakfast .","['The youth took the gun, dog, and falcon from the man he was supposed to trade with.', ""The youth's mother beat him with a stick for selling her property without permission."", 'The youth left his house in the middle of the night, carrying the gun, and went to find food at a nearby farm-house.']","['What did the youth take from the man?', ""Why did the youth's mother beat him?"", 'What did the youth do in the middle of the night?']","['gun, dog, and falcon', 'selling her property without permission', 'He left his house.']","['action', 'causal relationship', 'action']"
"' it is the man who is lying under the cask , ' answered the leader . ' go and kill him , and then come and eat your food and sleep , for we must be off betimes in the morning . ' so four of them killed the fisher 's son and left him , and then went to bed . by sunrise they were all out of the house , for they had far to go . and when they had disappeared the deer came off the roof , to where the dead man lay , and she shook her head over him , and wax fell from her ear , and he jumped up as well as ever .","[""The leader ordered four men to kill the fisher's son."", ""The four men killed the fisher's son and left him dead."", 'The deer came off the roof and shook her head over the dead man.', ""Wax fell from the deer's ear, and the dead man jumped up as well as ever.""]","['Who did the leader order to kill?', ""Who killed the fisher's son?"", 'What did the deer do?', ""What happened as a result of wax falling from the deer's ear?""]","['four men', 'The four men.', 'She came off the roof and shook her head over the dead man.', 'The dead man jumped up as well as ever.']","['action', 'action', 'action', 'outcome resolution']"
"' oh , only the words of an old rhyme that keeps running in my head , ' answered the old woman ; and she raised her voice and went on : oh , ahti , with the long , long beard , who dwellest in the deep blue sea , a thousand cows are in thy herd , i pray thee give one onto me . ' that 's a stupid sort of song , ' said matte . ' what else should one beg of the sea - king but fish ? but such songs are not for sunday . ' his wife pretended not to hear him , and sang and sang the same tune all the time they were on the water . matte heard nothing more as he sat and rowed the heavy boat , while thinking of his cracked pipe and the fine tobacco . then they returned to the island , and soon after went to bed . but neither matte nor maie could sleep a wink ; the one thought of how he had profaned sunday , and the other of ahti 's cow .","['The old woman sang a traditional rhyme asking the Sea King for a cow.', ""Matte dismissed the song as 'stupid' and thought about his cracked pipe and tobacco instead.""]","['What did the old woman do?', ""What did Matte dismiss as 'stupid'?""]","['She sang a traditional rhyme.', 'the song']","['action', 'action']"
"' sir , ' she said , ' i know all that has happened to you , and how you are seeking if in any wise you can save your life . but there is none that can answer that question save only i myself , if you will promise to do all i ask . ' at her words the prisoner felt as if a load had all at once been rolled off him . ' oh , save me , and i will do anything ! ' he cried . ' it is so hard to leave the world and go out into the darkness . ' ' you will not need to do that , ' answered the old woman , ' you have only got to marry me , and you will soon be free . ' ' marry you ? ' exclaimed he , ' but -- but -- i am not yet twenty , and you --why , you must be a hundred at least ! oh , no , it is quite impossible . ' he spoke without thinking , but the flash of anger which darted from her eyes made him feel uncomfortable . however , all she said was : ' as you like ; since you reject me , let the crows have you , ' and hurried away down the street .","['The prisoner was seeking a way to save his life and felt hopeful when the old woman claimed she could help him.', 'The old woman proposed that the prisoner marry her in exchange for saving his life.', 'The prisoner refused the offer, citing their significant age difference.']","['Why was the prisoner feeling hopeful?', 'What did the old woman propose to the prisoner?', 'What was the consequence of the prisoner refusing the offer?']","['the old woman claimed she could help him.', 'She proposed that he marry her.', 'Their significant age difference.']","['causal relationship', 'action', 'outcome resolution']"
"' stay with me , i pray , for i love company and am lonely , ' observed the weaver at last , and he pointed to a bed in a corner , where the fisher 's son threw himself , and slept till dawn . ' there is to be a horse - race in the town to - day , ' remarked the weaver , ' and the winner is to have the king 's daughter to wife . ' the young man trembled with excitement at the news , and his voice shook as he answered : ' that will be a prize indeed , i should like to see the race . ' ' oh , that is quite easy -- anyone can go , ' replied the weaver . ' i would take you myself , but i have promised to weave this cloth for the king . '","[""The weaver invites the fisher's son to stay with him and sleep in his bed."", ""The weaver tells the fisher's son about an upcoming horse race where the winner will get the king's daughter as a wife."", ""The young man is excited about the prospect of winning the king's daughter, but the weaver cannot take him to the race because he has promised to weave a cloth for the king.""]","[""What action does the weaver take towards the fisher's son?"", ""Who tells the fisher's son about an upcoming horse race?"", ""Why can't the weaver take the young man to the race?""]","[""The weaver invites the fisher's son to stay with him and sleep in his bed."", 'The weaver', 'He has promised to weave a cloth for the king.']","['action', 'action', 'causal relationship']"
"' that is a good girl , ' said one ; ' i really was too weak to stretch out a wing before she came . i should like to do something to show how grateful i am . ' ' well , let us give her a wreath of flowers that will never fade as long as she wears it , ' cried another . ' and let the tiniest singing birds in the world sit amongst the flowers , ' rejoined the third . ' yes , that will do beautifully , ' said the first . and when the girl stepped into her cottage a wreath of rosebuds was on her head , and a crowd of little birds were singing unseen . the father , who was sitting by the fire , thought that , in spite of her muddy clothes , he had never seen his daughter looking so lovely ; but the stepmother and the other girl grew wild with envy .","['The birds decided to reward the girl by giving her a wreath of flowers that will never fade.', ""A crowd of little singing birds sat amongst the flowers on the girl's head."", 'The father thought his daughter looked lovely despite her muddy clothes, but the stepmother and other girl grew envious.']","['What did the birds decide to give to the girl?', ""What was sitting on the girl's head?"", 'What did the stepmother and other girl do?']","['A wreath of flowers', 'the flowers and a crowd of little singing birds', 'They grew envious.']","['action', 'character', 'action']"
"' trust me and eat as you did before , and no harm shall happen to you , ' said she . so ian ate and drank , and fell sound asleep under the cask . in the evening the robbers arrived very tired , and crosser than they had been yesterday , for their luck had turned and they had brought back scarcely anything . ' someone has eaten our dinner again , ' cried they . ' it is the man under the barrel , ' answered the captain . ' let four of you go and kill him , but first slay the other four who pretended to kill him last night and did n't because he is still alive . '","['Ian ate and drank under the cask and fell asleep.', ""The robbers arrived tired and cross, having brought back little from their previous day's work."", 'The captain ordered four of his men to kill Ian, but first to slay the other four who pretended to kill him the night before.']","['What did Ian do under the cask?', ""What did the robbers bring back from their previous day's work?"", 'What did the captain order four of his men to do first?']","['He ate and drank.', 'little', 'Slay the other four who pretended to kill him the night before.']","['action', 'action', 'action']"
"' we shall require a better house , ' said maie the following summer ; ' the old one is too small for ourselves and the men . ' ' yes , ' said matte . so he built a large cottage , with a real lock to the door , and a store - house for fish as well ; and he and his men caught such quantities of fish that they sent tons of salmon , herring , and cod to russian and sweden . ' i am quite overworked with so many folk , ' said maie ; ' a girl to help me would not come amiss . ' ' get one , then , ' said her husband ; and so they hired a girl . then maie said : ' we have too little milk for all these folk . now that i have a servant , with the same amount of trouble she could look after three cows . ' ' all right , then , ' said her husband , somewhat provoked , ' you can sing a song to the fairies . '","['Maie wanted a larger house to accommodate herself, her husband, and their men.', 'Matte built a large cottage with a lock on the door and a storehouse for fish.', 'The family hired a girl to help Maie with household chores.', 'Maie suggested getting three cows to provide enough milk for the household.']","['Why did Maie want a larger house?', 'What did Matte build?', 'Who did the family hire to help Maie?', 'What did Maie suggest doing?']","['To accommodate herself, her husband, and their men.', 'A large cottage with a lock on the door and a storehouse for fish.', 'A girl', 'Getting three cows']","['causal relationship', 'action', 'action', 'action']"
"' what are you thinking of ? ' asked matte . ' nothing , ' said his wife ; but all the time she was pondering over some magic rhymes she had heard in her childhood from an old lame man , which were supposed to bring luck in fishing . ' what if i were to try ? ' thought she . now this was saturday , and on saturday evenings matte never set the herring - net , for he did not fish on sunday . towards evening , however , his wife said : ' let us set the herring - net just this once . '","[""Matte's wife was pondering over some magic rhymes that were supposed to bring luck in fishing."", ""Matte's wife convinced him to set the herring-net on a Saturday evening, which he usually didn't do.""]","[""What was Matte's wife doing?"", 'What did Matte usually not do on a Saturday evening?']","['Pondering over some magic rhymes', 'Set the herring-net']","['action', 'action']"
"' what can that be ? ' said the old woman , as she peeped out of the door . ' it looks like a big seal , ' said matte . ' as sure as i live , it 's a cow ! ' exclaimed maie . and certainly it was a cow , a fine red cow , fat and flourishing , and looking as if it had been fed all its days on spinach . it wandered peacefully up and down the shore , and never so much as even looked at the poor little tufts of grass , as if it despised such fare . matte could not believe his eyes . but a cow she seemed , and a cow she was found to be ; and when the old woman began to milk her , every pitcher and pan , even to the baler , was soon filled with the most delicious milk . the old man troubled his head in vain as to how she came there , and sallied forth to seek for his lost net . he had not proceeded far when he found it cast up on the shore , and so full of fish that not a mesh was visible .","['The old woman, Matte, and Maie saw an animal on the shore that looked like a seal but was actually a cow.', 'The cow produced delicious milk when the old woman milked it.', 'The old man found his lost net on the shore, filled with fish.']","['What did Matte and Maie see?', 'What happened when the old woman milked the cow?', 'What did the old man find on the shore?']","['an animal', 'The cow produced delicious milk.', 'his lost net']","['action', 'outcome resolution', 'action']"
"' what would you do with a cow ? ' asked matte . ' she could not swim so far , and our boat is not large enough to bring her over here ; and even if we had her , we have nothing to feed her on . ' ' we have four alder bushes and sixteen tufts of grass , ' rejoined maie . ' yes , of course , ' laughed matte , ' and we have also three plants of garlic . garlic would be fine feeding for her . ' ' every cow likes salt herring , ' rejoined his wife . ' even prince is fond of fish . ' ' that may be , ' said her husband . ' methinks she would soon be a dear cow if we had to feed her on salt herring . all very well for prince , who fights with the gulls over the last morsel . put the cow out of your head , mother , we are very well off as we are . '","['Maie suggested they could feed a cow with alder bushes, grass, and garlic.', ""Matte's wife countered that every cow likes salt herring, which would be expensive to provide.""]","['What did Maie suggest they could feed a cow with?', ""What did Matte's wife counter?""]","['Alder bushes, grass, and garlic.', 'That every cow likes salt herring']","['action', 'action']"
"a young man was out walking one day in erin , leading a stout cart - horse by the bridle . he was thinking of his mother and how poor they were since his father , who was a fisherman , had been drowned at sea , and wondering what he should do to earn a living for both of them . suddenly a hand was laid on his shoulder , and a voice said to him : ' will you sell me your horse , son of the fisherman ? ' and looking up he beheld a man standing in the road with a gun in his hand , a falcon on his shoulder , and a dog by his side . ' what will you give me for my horse ? ' asked the youth . ' will you give me your gun , and your dog , and your falcon ? '","['A young man was walking with a cart-horse, thinking about how he could support himself and his mother since his fisherman father had died.', ""A stranger approached him, offering to buy the horse in exchange for the youth's gun, dog, and falcon.""]","['What was the young man doing?', 'What did the stranger offer to buy from the youth?']","['Walking with a cart-horse', 'the horse']","['action', 'action']"
"a young prince was riding one day through a meadow that stretched for miles in front of him , when he came to a deep open ditch . he was turning aside to avoid it , when he heard the sound of someone crying in the ditch . he dismounted from his horse , and stepped along in the direction the sound came from . to his astonishment he found an old woman , who begged him to help her out of the ditch . the prince bent down and lifted her out of her living grave , asking her at the same time how she had managed to get there . ' my son , ' answered the old woman , ' i am a very poor woman , and soon after midnight i set out for the neighbouring town in order to sell my eggs in the market on the following morning ; but i lost my way in the dark , and fell into this deep ditch , where i might have remained for ever but for your kindness . '","['A young prince came across an old woman crying in a ditch.', 'The prince helped the old woman out of the ditch.', 'The old woman explained that she was lost while trying to sell eggs in the market.']","['Who came across an old woman crying in a ditch?', 'Who helped the old woman out of the ditch?', 'Why was the old woman lost?']","['The young prince.', 'The prince.', 'She was trying to sell eggs in the market.']","['character', 'action', 'causal relationship']"
"about midnight the fisherman sat up , and said to his wife : ' dost thou hear anything ? ' ' no , ' said she . ' i think the twirling of the weathercock on the roof bodes ill , ' said he ; ' we shall have a storm . ' ' oh , it is nothing but your fancy , ' said his wife . matte lay down , but soon rose again . ' the weathercock is squeaking now , ' said he . ' just fancy ! go to sleep , ' said his wife ; and the old man tried to . for the third time he jumped out of bed . ' ho ! how the weather - cock is roaring at the pitch of its voice , as if it had a fire inside it ! we are going to have a tempest , and must bring in the net . '","['The fisherman thought the twirling of the weathercock on the roof boded ill for a storm.', 'The weathercock started squeaking, which made the fisherman more concerned.', 'The weathercock began roaring loudly, indicating that a tempest was approaching.']","['What did the fisherman think was happening with the weathercock?', 'What made the fisherman more concerned?', 'What action did the weathercock begin doing?']","['He thought it boded ill for a storm.', 'The weathercock started squeaking.', 'roaring loudly']","['action', 'action', 'action']"
"after a time they all came to a town where a king reigned whose daughter was so serious and solemn that no one could ever manage to make her laugh . so the king had decreed that whoever should succeed in making her laugh should marry her . when dullhead heard this he marched before the princess with his goose and its appendages , and as soon as she saw these seven people continually running after each other she burst out laughing , and could not stop herself . then dullhead claimed her as his bride , but the king , who did not much fancy him as a son - in - law , made all sorts of objections , and told him he must first find a man who could drink up a whole cellarful of wine . dullhead bethought him of the little grey man , who could , he felt sure , help him ; so he went off to the forest , and on the very spot where he had cut down the tree he saw a man sitting with a most dismal expression of face .","['Dullhead tries to make the princess laugh with his goose and its appendages.', 'The princess laughs and Dullhead claims her as his bride.', 'The king objects to Dullhead marrying his daughter, so Dullhead goes to find someone who can drink a whole cellarful of wine.']","['What does Dullhead try to do with his goose and its appendages?', ""Will the princess accept Dullhead's claim?"", ""What will happen as a result of Dullhead's search?""]","['Make the princess laugh', ""The sentence does not explicitly state whether the princess accepts or rejects Dullhead's claim, but it implies a potential outcome by mentioning her laughing and his claiming her as his bride. However, based on the information given, we can infer that she might be accepting."", 'He finds someone who can drink a whole cellarful of wine.']","['action', 'outcome resolution', 'outcome resolution']"
"after the ceremonies of the christening were over , all the company returned to the king 's palace , where was prepared a great feast for the fairies . there was placed before every one of them a magnificent cover with a case of massive gold , wherein were a spoon , knife , and fork , all of pure gold set with diamonds and rubies . but as they were all sitting down at table they saw come into the hall a very old fairy , whom they had not invited , because it was above fifty years since she had been out of a certain tower , and she was believed to be either dead or enchanted . the king ordered her a cover , but could not furnish her with a case of gold as the others , because they had only seven made for the seven fairies . the old fairy fancied she was slighted , and muttered some threats between her teeth . one of the young fairies who sat by her overheard how she grumbled ; and , judging that she might give the little princess some unlucky gift , went , as soon as they rose from table , and hid herself behind the hangings , that she might speak last , and repair , as much as she could , the evil which the old fairy might intend .","[""An old fairy, who had not been invited to the christening ceremony, appeared at the feast in the king's palace."", 'The young fairies were concerned that the old fairy might give the little princess an unlucky gift.']","[""Who appeared at the king's palace feast?"", 'What did the old fairy plan to give to the little princess?']","['An old fairy.', 'an unlucky gift']","['character', 'action']"
"alas ! alas ! scarce had he gained the hall than he fell to the ground in great pain . everyone crowded round him , and the two countesses , terrified now by what they had done , tried in vain to tear the magic vest from his body . but he felt that it was too late , the deadly poison had done its work , and , waving them aside , he turned to his brother , who , in great distress , had knelt down and taken him tenderly in his arms . "" i wronged thee , paul , "" he gasped . "" for thou hast ever been true and kind . forgive me in thy thoughts , and , "" he added , gathering up his strength for one last effort , and pointing to the two wretched women who had wrought all this misery , "" _ beware of those two women _ , for they seek to take thy life . "" then his head sank back on his brother 's shoulder , and , with one long sigh , he died . when he learned what had happened , and understood where the waistcoat came from , and for what purpose it had been intended , the anger of the silent earl knew no bounds . he swore a great oath that he would be avenged , not only on snorro the dwarf , but also on his wicked step - mother and her cruel sister .","['The prince fell to the ground in great pain after putting on the magic vest.', ""He died in his brother's arms, warning him to beware of the two women who had caused his death."", ""The silent earl learned what happened and vowed to avenge his brother's death.""]","['What happened to the prince after he put on the magic vest?', 'Who died?', 'What did the silent earl vow to do?']","['He fell to the ground in great pain.', 'He (the person being referred to) died.', ""avenge his brother's death""]","['outcome resolution', 'action', 'action']"
"and as the poor young thing , after having a good cry to herself , was drying her eyes , she chanced to look down the hill , and who should she see coming up it but an old woman , who looked like a lady born . she was dressed all in green , with a white apron , and she wore a black velvet hood on her head , and a steeple - crowned beaver hat over that , something like those , as i have heard tell , that the women wear in wales . she walked very slowly , leaning on a long staff , and she gave a bit hirple now and then , as if she were lame . as she drew near , the young widow felt it was becoming to rise and curtsey to the gentlewoman , for such she saw her to be .","['A young widow was drying her eyes when she saw an old woman coming up the hill.', 'The old woman appeared to be a lady born, dressed in green with a white apron and black velvet hood.', 'The young widow felt it was becoming to rise and curtsey to the gentlewoman.']","['What action did the old woman take?', 'What was the old woman wearing?', 'How did the young widow feel?']","['She came up the hill.', 'She wore green with a white apron and black velvet hood.', 'She felt it was becoming to rise and curtsey to the gentlewoman.']","['action', 'character', 'feeling']"
"and while he was at court he met a charming young irish lady , the lady morna , who had come from ireland to scotland to attend upon the scottish queen . she was so sweet , and good , and gentle that earl harold 's heart was won , and he made up his mind that she , and only she , should be his bride . but although he had paid her much attention , lady morna had sometimes caught glimpses of his jealous temper ; she had seen an evil expression in his eyes , and had heard him speak sharply to his servants , and she had no wish to marry him . so , to his great amazement , she refused the honour which he offered her , and told him that she would prefer to remain as she was . earl harold ground his teeth in silent rage , but he saw that it was no use pressing his suit at that moment . so what he could not obtain by his own merits he determined to obtain by guile . accordingly he begged his mother to persuade the lady morna to go back with them on a visit , hoping that when she was alone with him in orkney , he would be able to overcome her prejudice against him , and induce her to become his wife . and all the while he never remembered his brother paul ; or , if he did , he never thought it possible that he could be his rival .","['Earl Harold fell in love with Lady Morna, but she refused his proposal due to his jealous temper.', ""Earl Harold's mother convinced him to invite Lady Morna on a visit to Orkney, hoping he could win her over and make her his wife.""]","[""Why did Lady Morna refuse Earl Harold's proposal?"", 'Why did Earl Harold decide to invite Lady Morna?']","['His jealous temper.', 'His mother convinced him to do so.']","['outcome resolution', 'causal relationship']"
"as for the poor little bannock , it thought that it would creep under a whin bush and lie there till morning , but it was so dark that it never saw that there was a fox 's hole there . so it fell down the fox 's hole , and the fox was very glad to see it , for he had had no food for two days . "" oh , welcome , welcome , "" he cried ; and he snapped it through the middle with his teeth , and that was the end of the poor wee bannock . and if a moral be wanted for this tale , here it is : that people should never be too uplifted or too cast down over anything , for all the good folk in the story thought that they were going to get the bannock , and , lo and behold ! the fox got it after all .","[""The bannock fell into a fox's hole while trying to hide under a whin bush."", 'The fox ate the bannock after two days of having no food.']","['What happened to the bannock?', 'What did the fox eat after two days of having no food?']","[""It fell into a fox's hole."", 'The bannock']","['outcome resolution', 'action']"
"as soon as the lady had departed the fisher 's son awoke , and the dark lad told him of her visit , and how he would never see her as long as he lived . at this the fisher 's son felt the cold creeping up to his heart , yet he knew the fault had not been his that sleep had overtaken him . ' i will search the whole world through till i find her , ' cried he , and the dark lad laughed as he heard him . but the fisher 's son took no heed , and off he went , following the sun day after day , till his shoes were in holes and his feet were sore from the journey . nought did he see but the birds that made their nests in the trees , not so much as a goat or a rabbit . on and on and on he went , till suddenly he came upon a little house , with a woman standing outside it .","[""The dark lad told the fisher's son about the lady's visit and how he would never see her again."", ""The fisher's son decided to search the whole world for the lady."", 'He traveled day after day, following the sun, but saw nothing except birds in trees.', 'He eventually came upon a little house with a woman standing outside it.']","[""Who did the dark lad tell about the lady's visit?"", ""What did the fisher's son decide to do?"", 'What did he see while following the sun?', 'What did he eventually come upon?']","[""the fisher's son"", 'search the whole world', 'birds in trees', 'A little house with a woman standing outside it.']","['action', 'action', 'action', 'action']"
"as the two ladies leaned over the side of the well to let down their golden buckets , which they did every day in the year , they saw reflected in the deep still water the face of a handsome youth gazing at them from amidst the branches of the tree in whose shade they stood . never before had they seen the face of mortal man ; they were frightened , and drew back quickly with their golden buckets in their hands . their curiosity , however , soon gave them courage , and they glanced timidly upwards to see the cause of the unusual reflection , and then they beheld the happy hunter sitting in the tree looking down at them with surprise and admiration . they gazed at him face to face , but their tongues were still with wonder and could not find a word to say to him .","['Two ladies saw the face of a handsome youth reflected in the still water of the well.', 'They were frightened and drew back with their golden buckets, but soon regained their courage to look again.', 'The ladies beheld the happy hunter sitting in the tree looking down at them with surprise and admiration.', ""The ladies were unable to speak due to wonder and couldn't find a word to say to him.""]","['Who saw their face reflected in the still water of the well?', 'What did the characters do when they were frightened?', 'What is the hunter doing?', 'Why were the ladies unable to speak?']","['The handsome youth', 'They drew back with their golden buckets.', 'sitting in the tree', 'Their wonder.']","['character', 'action', 'action', 'causal relationship']"
"at last the ceremony was over , and the king , signing to his newly found son to follow him , rose and went into another room . ' tell me how you knew all that , ' he said , throwing himself into a carved chair filled with crimson cushions , and the prince told of his meeting with the old woman who had brought him the jewels from his mother , and how he had sworn before a priest to marry her , though he did not want to do it , on account of the difference in their ages , and besides , he would rather receive a bride chosen by the king himself . but the king frowned , and answered sharply : ' you swore to marry her if she saved your life , and , come what may , you must fulfil your promise . ' then , striking a silver shield that hung close by , he said to the equerry who appeared immediately : ' go and seek the priest who lives near the door of the prison , and ask him where you can find the old woman who visited him last night ; and when you have found her , bring her to the palace . '","['The prince told the king about his meeting with the old woman and his promise to marry her.', 'The king orders the equerry to find the old woman and bring her to the palace so that the prince can fulfill his promise.']","['What did the prince tell the king about?', 'Why did the king order the equerry to find the old woman?']","['his meeting with the old woman', 'to enable the prince to fulfill his promise']","['action', 'causal relationship']"
"at the foot of some high mountains there was , once upon a time , a small village , and a little way off two roads met , one of them going to the east and the other to the west . the villagers were quiet , hard - working folk , who toiled in the fields all day , and in the evening set out for home when the bell began to ring in the little church . in the summer mornings they led out their flocks to pasture , and were happy and contented from sunrise to sunset . one summer night , when a round full moon shone down upon the white road , a great wolf came trotting round the corner .","['A small village existed at the foot of high mountains.', 'Two roads met near the village, one going east and the other west.', 'The villagers were quiet and hard-working people who toiled in the fields all day.', 'A great wolf appeared on a summer night when a full moon was shining down upon the white road.']","['Where did the small village exist?', 'Where did the two roads meet?', 'What were the villagers like?', 'What appeared on the white road?']","['At the foot of high mountains.', 'near the village', 'They were quiet and hard-working people.', 'A great wolf']","['setting', 'setting', 'character', 'action']"
"at the sight of the fox lying within his grasp his mouth began to water , but his joy was somewhat checked when he noticed how thin she was . the fox 's quick ears heard the sound of his paws , though they were soft as velvet , and turning her head she said politely : ' is that you , neighbour ? what a strange place to meet in ! i hope you are quite well ? ' ' quite well as regards my health , ' answered the wolf , whose eye glistened greedily , ' at least , as well as one can be when one is very hungry . but what is the matter with you ? a fortnight ago you were as plump as heart could wish ! ' ' i have been ill - very ill , ' replied the fox , ' and what you say is quite true . a worm is fat in comparison with me . '","['The wolf caught sight of the fox and his mouth began to water.', 'The fox noticed the wolf approaching and politely greeted him.', ""The wolf asked about the fox's health, noticing that she had lost weight.""]","['What did the wolf do when he saw the fox?', 'What did the fox do when he saw the wolf approaching?', 'What did the wolf ask about?']","['caught sight of the fox', 'greeted him', ""the fox's health""]","['action', 'action', 'action']"
"at these words harold 's vanity was flattered , and he thought that , after all , his step - brother was right , and that he had a very small chance , with his meagre gift of speech , of being successful in his suit . so he threw down his dagger , and , shaking hands with him , begged him to pardon his unkind thoughts , and went down the winding stair again in high good - humour with himself and all the world . by this time it was coming near to the feast of yule , and at that festival it was the custom for the earl and his court to leave kirkwall for some weeks , and go to the great palace of orphir , nine miles distant . and in order to see that everything was ready , earl paul took his departure some days before the others . the evening before he left he chanced to find the lady morna sitting alone in one of the deep windows of the great hall . she had been weeping , for she was full of sadness at the thought of his departure ; and at the sight of her distress the kind - hearted young earl could no longer contain himself , but , folding her in his arms , he whispered to her how much he loved her , and begged her to promise to be his wife .","[""Harold's vanity was flattered by his step-brother's words, and he decided to give up his suit."", 'Earl Paul found Lady Morna weeping in the great hall and confessed his love for her, asking her to be his wife.']","[""What did Harold decide to do as a result of his step-brother's words?"", 'What action did Earl Paul take in front of Lady Morna?']","['give up his suit', 'Confessed his love for her.']","['outcome resolution', 'action']"
"between the sea realm and the earth there was no difference in the night of time , and the happy hunter found that three years went fleeting quickly by in this delightful land . the years pass swiftly when any one is truly happy . but though the wonders of that enchanted land seemed to be new every day , and though the sea king 's kindness seemed rather to increase than to grow less with time , the happy hunter grew more and more homesick as the days passed , and he could not repress a great anxiety to know what had happened to his home and his country and his brother while he had been away .","['Three years passed quickly by for the happy hunter in the enchanted land.', 'The happy hunter became increasingly homesick and anxious about his family and homeland.']","['How did three years pass for the happy hunter?', 'What did the happy hunter do in response to feeling homesick?']","['Quickly.', 'He thought about his family and homeland.']","['action', 'action']"
"but all the time they never guessed the real reason why snorro chose to live in the dwarfie stone . i will tell you why he did so . not very far from the stone there was a curious hill , shaped exactly like a wart . it was known as the wart hill of hoy , and men said that somewhere in the side of it was hidden a wonderful carbuncle , which , when it was found , would bestow on its finder marvellous magic gifts -- health , wealth , and happiness . everything , in fact , that a human being could desire . and the curious thing about this carbuncle was , that it was said that it could be seen at certain times , if only the people who were looking for it were at the right spot at the right moment . now snorro had made up his mind that he would find this wonderful stone , so , while he pretended to spend all his time in reading his great book or distilling medicines from his herbs , he was really keeping a keen look - out during his wanderings , noting every tuft of grass or piece of rock under which it might be hidden . and at night , when everyone else was asleep , he would creep out , with pickaxe and spade , to turn over the rocks or dig over the turf , in the hope of finding the long - sought - for treasure underneath them .","['Snorro was searching for the Carbuncle of Hoy, which was said to grant magical gifts.', 'Snorro spent his days pretending to read or distill medicines while secretly searching for the Carbuncle at night.']","['What was Snorro searching for?', 'What was Snorro secretly searching for at night?']","['The Carbuncle of Hoy', 'The Carbuncle']","['action', 'action']"
"but it was not so easy to get hold of the wee bannock . it was in vain that the goodwife threw her clue at it , and that the goodman tried to chase it into a corner and knock it down with his shuttle . it dodged , and turned , and twisted , like a thing bewitched , till at last it flew out at the door again , and vanished down the hill , "" for all the world , "" as the old woman said , "" like a new tarred sheep , or a daft cow . "" in the next house that it came to it found the goodwife in the kitchen , kirning . she had just filled her kirn , and there was still some cream standing in the bottom of her cream jar . "" come away , little bannock , "" she cried when she saw it . "" thou art come in just the nick of time , for i am beginning to feel hungry , and i 'll have cakes and cream for my dinner . ""","['The wee bannock dodged and turned, like a thing bewitched, as it was chased by the goodwife and goodman.', 'The wee bannock flew out at the door again and vanished down the hill.', 'The wee bannock appeared in the next house, where it found the goodwife in the kitchen, who welcomed it with cakes and cream for dinner.']","['What was the goodwife and goodman doing to the wee bannock?', 'What flew out at the door again?', 'What did the goodwife do when she saw the wee bannock?']","['They were chasing it.', 'The wee bannock.', 'Welcomed']","['action', 'action', 'action']"
"but much to the old man 's disappointment , instead of clearing the rain fell more and more heavily , and finally a heavy thunderstorm broke over the mountain . the thunder roared so terrifically , and the heavens seemed to be so ablaze with lightning , that the old man could hardly believe himself to be alive . he thought that he must die of fright . at last , however , the sky cleared , and the whole country was aglow in the rays of the setting sun . the old man 's spirits revived when he looked out at the beautiful twilight , and he was about to step out from his strange hiding - place in the hollow tree when the sound of what seemed like the approaching steps of several people caught his ear . he at once thought that his friends had come to look for him , and he was delighted at the idea of having some jolly companions with whom to walk home .","['A heavy thunderstorm broke over the mountain, causing the old man to fear for his life.', 'The storm eventually cleared, revealing a beautiful twilight scene.', ""The sound of approaching footsteps caught the old man's ear, leading him to believe that his friends had come to look for him.""]","['What happened to the old man due to the thunderstorm?', 'What was the result of the storm?', 'Why did the old man believe his friends had come to look for him?']","['He feared for his life.', 'The beautiful twilight scene.', ""the sound of approaching footsteps caught the old man's ear""]","['outcome resolution', 'outcome resolution', 'causal relationship']"
"but no sooner had they reached the grass than she vanished . the prince sought for her in vain , and at last in despair sat down on a big stone and contemplated his sad fate . as he sat thus lost in thought , he noticed an eagle flying over his head . then he suddenly bethought him of his little bell , and taking it out of his pocket he rang it once . in a moment he heard a rustling sound in the air beside him , and the king of the eagles sank at his feet .","['The princess vanished as soon as they reached the grass.', 'The prince sat down on a big stone and contemplated his sad fate after searching for her in vain.', 'The prince remembered his little bell and rang it, summoning the king of the eagles.']","['What happened to the princess as soon as they reached the grass?', 'What did the prince do?', 'What did the prince do?']","['She vanished.', 'He sat down on a big stone.', 'He rang his little bell.']","['outcome resolution', 'action', 'action']"
"but on looking out from the tree , what was his amazement to see , not his friends , but hundreds of demons coming towards the spot . the more he looked , the greater was his astonishment . some of these demons were as large as giants , others had great big eyes out of all proportion to the rest of their bodies , others again had absurdly long noses , and some had such big mouths that they seemed to open from ear to ear . all had horns growing on their foreheads . the old man was so surprised at what he saw that he lost his balance and fell out of the hollow tree . fortunately for him the demons did not see him , as the tree was in the background . so he picked himself up and crept back into the tree .","['The old man looked out from a tree to see hundreds of demons coming towards him.', 'The demons were of various sizes, shapes, and features, including giant size, large eyes, long noses, and big mouths.', 'The old man lost his balance and fell out of the hollow tree due to his surprise.']","['What did the old man do as he saw hundreds of demons coming towards him?', 'What feature do some of the demons have?', 'What happened to the old man?']","['looked out', 'Big mouths.', 'He fell out of the hollow tree.']","['action', 'character', 'outcome resolution']"
"but the herring were now ready , and the students ate enough for six , and gave prince some cold meat which they happened to have in the boat . prince sat on his hind legs with delight and mewed like a pussy cat . when all was finished , the students handed matte a shining silver coin , and allowed him to fill his pipe with a special kind of tobacco . they then thanked him for his kind hospitality and went on their journey , much regretted by prince , who sat with a woeful expression and whined on the shore as long as he could see a flip of the boat 's white sail in the distance . maie had never uttered a word , but thought the more . she had good ears , and had laid to heart the story about ahti . ' how delightful , ' thought she to herself , ' to possess a fairy cow ! how delicious every morning and evening to draw milk from it , and yet have no trouble about the feeding , and to keep a shelf near the window for dishes of milk and junkets ! but this will never be my luck . '","['The students shared food with Prince and gave him some cold meat.', 'Maie thought about how wonderful it would be to have a fairy cow that could provide milk without any trouble.']","['What did the students do for Prince?', 'What was Maie thinking about?']","['They shared food and gave him some cold meat.', 'Having a fairy cow that could provide milk without any trouble.']","['action', 'action']"
"but the latter , who suspected where all this wealth had come from , did not wish to be any poorer than andrew . he knew that trolls and goblins walk mainly on christmas eve , and for that reason he sailed out to the sand banks at that time . and on christmas eve he did see a light or fire , but it seemed to be like will - o'-the - wisps fluttering about . when he came nearer he heard splashes , horrible howls , and cold , piercing cries , and there was a smell of slime and sea - weed , as at ebb - tide . terrified , he ran up into the hut , from whence he could see the trolls on the shore . they were short and thick like hay - ricks , completely covered with fur , with kirtles of skins , fishing boots , and enormous fist - gloves . in place of head and hair they had bundles of sea - weed . when they crawled up from the strand there was a gleam behind them like that of rotting wood , and when they shook themselves they showered sparks about them . when they drew nearer , john nicholas crawled up into the loft as his brother had done . the goblins dragged a great stone into the hut , and began to beat their gloves dry against it , and meanwhile they screamed so that john nicholas 's blood turned to ice in his hiding - place . then one of them sneezed into the ashes on the hearth in order to make the fire burn again ; while the others carried in heather - grass and drift - wood , as coarse and heavy as lead .","[""John Nicholas suspected that Andrew's wealth came from trolls and goblins, so he sailed out to the sand banks on Christmas Eve."", 'He saw a light or fire, but it turned out to be trolls on the shore, covered in fur and sea-weed.', 'The trolls dragged a great stone into the hut and began to beat their gloves dry against it, causing John Nicholas to hide in fear.']","['What did John Nicholas do on Christmas Eve?', 'What did he initially think it was?', 'What did the trolls do with their gloves?']","['He sailed out to the sand banks.', 'a light or fire', 'They beat them dry against a great stone.']","['action', 'action', 'action']"
"but the latter did not lose heart . he gathered drift - wood along the strand , shot sea - birds , and looked for mussels and roots . he built himself a raft of drift - timber , and fished with a pole that had also been left behind . one day , while he was at work , he happened to notice a depression or hollow in the sand , as though made by the keel of a large northland schooner , and he could plainly trace the braidings of the hawsers from the strand up to the top of the island . then he thought to himself that he was in no danger , for he saw there was truth in the report he had often heard , that the meer - folk made the island their abode , and did much business with their ships .","['The protagonist gathered materials to build a raft and fish.', ""He noticed a depression in the sand that looked like a ship's keel."", ""He realized that there must be ships visiting the island, which meant he wasn't alone.""]","['What did the protagonist gather materials to build?', 'What did he notice?', 'What were ships doing to the island?']","['a raft', ""A depression in the sand that looked like a ship's keel."", 'visiting']","['action', 'action', 'action']"
"but the little bannock had no wish to be eaten up by the miller , so it turned and ran out of the mill , and the miller was so busy that he did not trouble himself to run after it . after this it ran on , and on , and on , till it came to the smithy , and it popped in there to see what it could see . the smith was busy at the anvil making horse - shoe nails , but he looked up as the wee bannock entered .","['The little bannock ran out of the mill to avoid being eaten.', 'The little bannock visited the smithy and saw what was happening.']","['Why did the little bannock run out of the mill?', 'Who visited the smithy?']","['to avoid being eaten', 'the little bannock']","['causal relationship', 'character']"
"but the rich neighbor wanted the meadow for himself alone , and told the poor one that he would drive him out of house and home if he did not come to an agreement with him that whichever one of them mowed the largest stretch of the meadowland in a single day , should receive the entire meadow .","['The rich neighbor wanted the meadow for himself alone.', 'He proposed a challenge to the poor one, where whoever mowed the largest stretch of the meadow in a single day would receive the entire meadow.']","['Why did the rich neighbor want the meadow?', 'Whoever mowed the largest stretch of the meadow in a single day would receive the entire meadow. What action will result in receiving the entire meadow?']","['He wanted it for himself alone.', 'mowing the largest stretch of the meadow']","['causal relationship', 'action']"
"but the song was quickly changed into a cry of despair when she reached the pig - stye , for there lay her cherished pig on its back , with its legs in the air and its eyes shut , just as if it were going to breathe its last breath . "" what shall i do ? what shall i do ? "" cried the poor woman , sitting down on a big stone and clasping her boy to her breast , heedless of the fact that she had dropped her bucket , and that the pig's - meat was running out , and that the hens were eating it . "" first i lost my husband , and now i am going to lose my finest pig . the pig that i hoped would fetch a deal of money . "" now i must explain to you that the house of kittlerumpit stood on a hillside , with a great fir wood behind it , and the ground sloping down steeply in front .","[""The woman's cherished pig had died."", 'The woman was overcome with grief and despair at the loss of her pig.']","[""What did happen to the woman's pig?"", 'What was the woman feeling at the loss of her pig?']","['It died.', 'grief and despair']","['action', 'feeling']"
"but the wily countess offered him much gold , and bribed him higher and higher , first with wealth , then with success , and lastly she promised to obtain for him a high post at the court of the king of scotland ; and at that his ambition stirred within him , his determination gave way , and he consented to do what she asked . "" i will summon my magic loom , "" he said , "" and weave a piece of cloth of finest texture and of marvellous beauty ; and before i weave it i will so poison the thread with a magic potion that , when it is fashioned into a garment , whoever puts it on will die ere he hath worn it many minutes . "" "" thou art a clever knave , "" answered the countess , a cruel smile lighting up her evil face , "" and thou shalt be rewarded . let me have a couple of yards of this wonderful web , and i will make a bonnie waistcoat for my fine young earl and give it to him as a yuletide gift . then i reckon that he will not see the year out . "" "" that will he not , "" said dwarf snorro , with a malicious grin ; and the two parted , after arranging that the piece of cloth should be delivered at the palace of orphir on the day before christmas eve .","['The countess bribed the dwarf to weave a poisoned cloth on his magic loom.', 'The countess planned to give the poisoned waistcoat as a gift to her young earl, so that he would die before Christmas Eve.']","['What did the countess bribe the dwarf to do?', 'Why did the countess plan to give the poisoned waistcoat as a gift?']","['Weave a poisoned cloth on his magic loom.', 'So that he would die before Christmas Eve.']","['action', 'causal relationship']"
"but this clever son replied : ' if i give you my cake and wine i shall have none left for myself ; you just go your own way ; ' and he left the little man standing there and went further on into the forest . there he began to cut down a tree , but before long he made a false stroke with his axe , and cut his own arm so badly that he was obliged to go home and have it bound up . then the second son went to the forest , and his mother gave him a good cake and a bottle of wine as she had to his elder brother . he too met the little old grey man , who begged him for a morsel of cake and a draught of wine . but the second son spoke most sensibly too , and said : ' whatever i give to you i deprive myself of . just go your own way , will you ? ' not long after his punishment overtook him , for no sooner had he struck a couple of blows on a tree with his axe , than he cut his leg so badly that he had to be carried home .","['The first son refused to give his cake and wine to the little old grey man.', 'The second son also refused to give his cake and wine to the little old grey man.', 'Both sons were punished for their selfishness by accidentally cutting themselves with an axe while working in the forest.']","['What did the first son refuse to give?', 'What did the second son refuse to give?', 'What happened to the two sons as a result of their selfish behavior?']","['His cake and wine', 'his cake and wine', 'They cut themselves with an axe while working in the forest.']","['action', 'action', 'outcome resolution']"
"but when he came out in the morning , the princesses were out of the ground up to their ankles . the third night came a troll who had nine heads and nine whips , and he beat and whipped the youth so severely that at last he fainted . then the troll took him and flung him against the wall , and as he did so the bottle fell down , and its whole contents poured over the youth , and he was at once sound and whole again . then he did not delay , but grasped the sword , killed the troll , and when he came out in the morning , the princesses were entirely out of the ground . so he chose the youngest of them to be his queen , and lived long with her in peace and happiness . but at last he was minded to travel home , and see how his parents fared . this did not suit his queen ; but since he wanted to go so badly , and finally was on the point of departure , she said to him : "" one thing you must promise me , that you will only do what your father tells you to do , but not what your mother tells you to do . "" and this he promised . then she gave him a ring which had the power of granting two wishes to the one who wore it . so he wished himself home , and his parents could not get over their surprise at seeing how fine and handsome he had become .","['The troll beat and whipped the youth severely, but he was healed by the magical bottle.', 'The youth killed the troll and freed the princesses from the ground.', ""The queen gave the youth a ring with the power of granting two wishes, but asked him to only follow his father's advice.""]","['What happened to the youth after being beaten?', 'What did the youth do first?', 'What did the queen ask the youth to do?']","['He was healed.', 'Killed the troll.', ""follow his father's advice""]","['outcome resolution', 'action', 'action']"
"but when he got home , he found that heaven had sent him a little son , the first new thing to come into the house since he had made his promise . and when he told his wife about it , she began to weep and wail , and pray to god because of the vow her husband had made . and the woman 's grief was reported at the castle , and when it came to the king 's ears , and he learned the reason , he promised to take the boy and see if he could not save him . and so the king took him and brought him up as though he were his own son , until he was grown . then one day the boy asked whether he might not go out fishing with his father , he wanted to so very much , said he . the king would not hear of it ; but at last he was given permission , so he went to his father , and everything went well all day long , until they came home in the evening .","['Heaven sent a little son to the man who had made a vow to God.', 'The king took the boy and brought him up as though he were his own son until he grew up.', 'The grown-up boy asked if he could go fishing with his father, but the king initially refused.']","['Who did heaven send to the man?', 'What did the king do with the boy?', 'Who initially refused permission for the boy to go fishing?']","['a little son', 'Brought him up as his own son', 'the king']","['action', 'action', 'action']"
"but when the dance was ended , she disappeared again so quickly that the king could not see which way she went . she ran to her little room and changed herself once more into the many - furred creature , and went into the kitchen to cook the bread - soup . when the cook was upstairs , she fetched the golden spinning - wheel and put it in the dish so that the soup was poured over it . it was brought to the king , who ate it , and liked it as much as the last time . he had the cook sent to him , and again he had to confess that the many - furred creature had cooked the soup . then the many - furred creature came before the king , but she said again that she was of no use except to have boots thrown at her head , and that she knew nothing at all of the golden spinning - wheel . when the king had a feast for the third time , things did not turn out quite the same as at the other two . the cook said , ' you must be a witch , many - furred creature , for you always put something in the soup , so that it is much better and tastes nicer to the king than any that i cook . ' but because she begged hard , he let her go up for the usual time . now she put on the dress as shining as the stars , and stepped into the hall in it .","['The many-furred creature disappeared after the dance and reappeared in her kitchen form.', 'The many-furred creature put the golden spinning-wheel in the soup, which was eaten by the king.', 'The cook accused the many-furred creature of being a witch because she always adds something to the soup that makes it taste better.', 'The many-furred creature is now dressed up and stepping into the hall.']","['What did the many-furred creature do after the dance?', 'Who put the golden spinning-wheel in the soup?', 'Why does the cook think the many-furred creature is a witch?', 'What is the many-furred creature doing now?']","['disappeared and reappeared in her kitchen form', 'the many-furred creature', 'Because she always adds something to the soup that makes it taste better.', 'dressed up and stepping into the hall']","['action', 'action', 'causal relationship', 'action']"
"countess fraukirk ... hidden behind a curtain ... overheard every word . ] next day a boat went speeding over the narrow channel of water that separates pomona ( on the mainland ) from hoy . in it sat a woman , but who she was , or what she was like , no one could say , for she was covered from head to foot with a black cloak , and her face was hidden behind a thick , dark veil . snorro the dwarf knew her , even before she laid aside her trappings , for countess fraukirk was no stranger to him . in the course of her long life she had often had occasion to seek his aid to help her in her evil deeds , and she had always paid him well for his services in yellow gold . he therefore welcomed her gladly ; but when he had heard the nature of her errand his smiling face grew grave again , and he shook his head . "" i have served thee well , lady , in the past , "" he said , "" but methinks that this thing goeth beyond my courage . for to compass an earl 's death is a weighty matter , especially when he is so well beloved as is the earl paul . "" "" thou knowest why i have taken up my abode in this lonely spot -- how i hope some day to light upon the magic carbuncle . thou knowest also how the people fear me , and hate me too , forsooth . and if the young earl died , and suspicion fell on me , i must needs fly the island , for my life would not be worth a grain of sand . then my chance of success would be gone . nay ! i can not do it , lady ; i can not do it . ""","[""Countess Fraukirk, disguised as a woman in a black cloak and veil, arrived at Snorro's dwelling seeking his help to kill Earl Paul."", 'Snorro refused to assist Countess Fraukirk, citing the difficulty of killing an earl who is well-liked by the people.']","['What was Countess Fraukirk seeking help from Snorro for?', 'Why did Snorro refuse to assist Countess Fraukirk?']","['To kill Earl Paul.', 'The difficulty of killing an earl who is well-liked by the people.']","['action', 'causal relationship']"
"far up in a green valley in the island of hoy stands an immense boulder . it is hollow inside , and the natives of these northern islands call it the dwarfie stone , because long centuries ago , so the legend has it , snorro the dwarf lived there . nobody knew where snorro came from , or how long he had dwelt in the dark chamber inside the dwarfie stone . all that they knew about him was that he was a little man , with a queer , twisted , deformed body and a face of marvellous beauty , which never seemed to look any older , but was always smiling and young . men said that this was because snorro 's father had been a fairy , and not a denizen of earth , who had bequeathed to his son the gift of perpetual youth , but nobody knew whether this were true or not , for the dwarf had inhabited the dwarfie stone long before the oldest man or woman in hoy had been born . one thing was certain , however : he had inherited from his mother , whom all men agreed had been mortal , the dangerous qualities of vanity and ambition . and the longer he lived the more vain and ambitious did he become , until at last he always carried a mirror of polished steel round his neck , into which he constantly looked in order to see the reflection of his handsome face .","['Snorro, a dwarf, lived in the Dwarfie Stone, a hollow boulder in a green valley.', ""According to legend, Snorro's father was a fairy who gave him the gift of perpetual youth."", 'However, despite his immortal appearance, Snorro became increasingly vain and ambitious as he grew older.']","['What is the occupation of Snorro?', ""What did Snorro's father give to him?"", 'What trait did Snorro develop as he grew older?']","['dwarf', 'perpetual youth', 'Vanity and ambition.']","['character', 'action', 'character']"
"harold , on the other hand , was as different from his brother as night is from day . he was fair - haired and blue - eyed , and he had gained for himself the name of harold the orator , because he was always free of speech and ready with his tongue . but for all this he was not a favourite . for he was haughty , and jealous , and quick - tempered , and the old folks ' eyes did not brighten at the sight of him , and the babes , instead of toddling out to greet him , hid their faces in their mothers ' skirts when they saw him coming . harold could not help knowing that the people liked his silent brother best , and the knowledge made him jealous of him , so a coldness sprang up between them . now it chanced , one summer , that earl harold went on a visit to the king of scotland , accompanied by his mother , the countess helga , and her sister , the countess fraukirk .","[""Harold was known as 'Harold the Orator' due to his quick wit and eloquence."", 'Despite his charm, Harold was haughty, jealous, and quick-tempered, making him unpopular among the people.', ""A coldness developed between Harold and his silent brother due to Harold's jealousy of their differing popularity.""]","[""Why was Harold known as 'Harold the Orator'?"", 'What was Harold known for among the people?', ""What happened to Harold's relationship with his brother due to his jealousy?""]","['His quick wit and eloquence.', 'Being unpopular.', 'A coldness developed between them.']","['causal relationship', 'character', 'outcome resolution']"
"he found his wife very anxious , wondering what had happened to make him so late . he soon told her all that had passed since he left home that afternoon . she was quite as happy as her husband when he showed her that the ugly lump had disappeared from his face , for in her youth she had prided herself on his good looks , and it had been a daily grief to her to see the horrid growth .","['The husband told his wife about all the events that occurred since he left home.', ""The ugly lump on the husband's face disappeared.""]","['What did the husband tell his wife?', ""What action caused the ugly lump on the husband's face to disappear?""]","['all the events that occurred since he left home', 'The action was not explicitly stated, but it can be inferred that someone or something removed the lump.']","['action', 'action']"
"he now began to feel extremely anxious , for he knew that his brother would be angry at his having lost his hook , for , it being his only one , he valued it above all other things . the happy hunter now set to work to look among the rocks and on the sand for the lost hook , and while he was searching to and fro , his brother , the skillful fisher , arrived on the scene . he had failed to find any game while hunting that day , and was not only in a bad temper , but looked fearfully cross . when he saw the happy hunter searching about on the shore he knew that something must have gone wrong , so he said at once : "" what are you doing , my brother ? "" the happy hunter went forward timidly , for he feared his brother 's anger , and said : "" oh , my brother , i have indeed done badly . "" "" what is the matter?-what have you done ? "" asked the elder brother impatiently . "" i have lost your precious fishing hook- ""","[""The happy hunter lost his brother's precious fishing hook."", 'The skillful fisher arrived on the scene in a bad temper after failing to find any game while hunting.']","['What did the happy hunter lose?', ""What was notable about the fisher's abilities?""]","[""his brother's precious fishing hook"", 'Skillful']","['action', 'character']"
"he said not a word , however , but silently gazed at them through the foliage of the trees , waiting to see what they would do . he saw that in their hands they carried golden buckets . slowly and gracefully in their trailing garments they approached the well , standing in the shade of the katsura trees , and were about to draw water , all unknowing of the stranger who was watching them , for the happy hunter was quite hidden among the branches of the tree where he had posted himself .","['Two people approached the well, carrying golden buckets.', 'They were unaware of a stranger watching them from among the branches of a tree.']","['Who are the people approaching the well?', ""What were they doing when they didn't notice the stranger watching them?""]","['Two people', 'They were unaware of a stranger watching them from among the branches of a tree. (The key action here is ""watching"" but since it\'s about someone else, we can infer that the characters themselves weren\'t actively watching.)']","['character', 'action']"
"he was always accompanied on these occasions by an enormous grey - headed raven , who lived in the cave along with him , and who was his bosom friend and companion . the islanders feared this bird of ill omen as much , perhaps , as they feared its master ; for , although they went to consult snorro in all their difficulties and perplexities , and bought medicines and love - potions from him , they always looked upon him with a certain dread , feeling that there was something weird and uncanny about him . now , at the time we are speaking of , orkney was governed by two earls , who were half - brothers . paul , the elder , was a tall , handsome man , with dark hair , and eyes like sloes . all the country people loved him , for he was so skilled in knightly exercises , and had such a sweet and loving nature , that no one could help being fond of him . old people 's eyes would brighten at the sight of him , and the little children would run out to greet him as he rode by their mothers ' doors . and this was the more remarkable because , with all his winning manner , he had such a lack of conversation that men called him paul the silent , or paul the taciturn .","['Snorro, an old man, lived on an island with his companion, a large grey-headed raven.', 'Orkney was governed by two earls, Paul and his half-brother, who were described in detail.']","['What is the occupation of Snorro?', 'What was the familial relationship between the two earls?']","['old man', 'Half-brother']","['character', 'character']"
"here he again sold his cat , and this time he received two hundred dollars for her , and that without any haggling . but when he had sailed off and was out at sea a way , there sat the cat up in the mast . and the storm at once began again , and finally he was again driven to a land in which he had never been . again he turned in at a tavern , and there the table was also covered with switches ; but every switch was a yard and a half long , and as thick as a small broom , and the people told him that they knew of nothing more disagreeable than to sit down to eat , for there were great , ugly rats by the thousand . only with toil and trouble could one manage to shove a bite of something into one 's mouth once in a while , so hard was it to defend oneself against the rats . then the cat was again brought from the ship , and now the people could eat in peace . they begged and pleaded that the merchant sell them his cat ; and for a long time he refused ; but at last he promised that they should have her for three hundred dollars . and they paid him , and thanked him , and blessed him into the bargain .","['The merchant sold his cat again and received two hundred dollars for her.', 'The cat was brought back on board the ship and helped the people at the tavern eat in peace by chasing away the rats.', 'The people begged the merchant to sell them the cat, and he agreed to let it go for three hundred dollars.']","['What did the merchant sell again?', 'What action did the cat take to help the people at the tavern?', 'What did the merchant agree to do with the cat?']","['his cat', 'chasing away the rats', 'let it go']","['action', 'action', 'action']"
"here he found , instead of the queer basket on which he had come to the realm of ryn gu , a large crocodile waiting for him . never had he seen such a huge creature . it measured eight fathoms in length from the tip of its tail to the end of its long mouth . the sea king had ordered the monster to carry the happy hunter back to japan . like the wonderful basket which shiwozuchino okina had made , it could travel faster than any steamboat , and in this strange way , riding on the back of a crocodile , the happy hunter returned to his own land .","['Instead of the basket, a large crocodile was waiting for the happy hunter.', 'The sea king had ordered the crocodile to carry the happy hunter back to Japan.']","['What was the happy hunter?', 'What did the crocodile do to the happy hunter?']","['the happy hunter', 'Carry']","['character', 'action']"
"his cheeks were red with passion , and his eyes were bright , for he could not but notice that , now that she was safe at orphir under her true love 's protection , the lady morna 's manner had grown cold and distant again , and he was beginning to lose faith in snorro 's charm . angry and disappointed , he had sought his mother 's room to pour out his story of vexation to her . he stopped short , however , when he saw the wonderful waistcoat lying on the table , all gold and silver and shining colours . it was like a fairy garment , and its beauty took his breath away .","[""The king noticed that Lady Morna's manner had grown cold and distant again after being safe at Orphir."", ""The king saw a beautiful waistcoat on his mother's table, which caught his attention.""]","['What did the king notice about Lady Morna?', 'What did the king see?']","['Her manner had grown cold and distant again.', ""a beautiful waistcoat on his mother's table""]","['action', 'action']"
"his elder brother was a very skillful fisher , and as he far surpassed all rivals in fishing , he was named "" umi - sachi - hiko "" or the "" skillful fisher of the sea . "" the brothers thus led happy lives , thoroughly enjoying their respective occupations , and the days passed quickly and pleasantly while each pursued his own way , the one hunting and the other fishing .","['The younger brother was skilled at hunting.', ""The older brother was extremely skilled at fishing and was named 'Umi-Sachi-Hiko' or the 'Skillful Fisher of the Sea'.""]","['What is the younger brother skilled at?', ""What was Umi-Sachi-Hiko's notable skill?""]","['hunting', 'fishing']","['character', 'character']"
"his fears , however , were soon overcome by his love of dancing . in a few minutes he could restrain himself no longer , and came out before the whole party of demons and began to dance at once . the old man , realizing that his life probably depended on whether he pleased these strange creatures or not , exerted his skill and wit to the utmost .","['The old man overcame his fears and began to dance in front of the party of demons.', 'He used all his skill and wit to try and please the demons.']","['What did the old man do in front of the party of demons?', 'What did he use to try and please the demons?']","['dance', 'his skill and wit']","['action', 'action']"
"his vengeance was baulked , however , for in the panic and confusion that followed harold 's death , the two countesses slipped out of the palace and fled to the coast , and took boat in haste to scotland , where they had great possessions , and where they were much looked up to , and where no one would believe a word against them . but retribution fell on them in the end , as it always does fall , sooner or later , on everyone who is wicked , or selfish , or cruel ; for the norsemen invaded the land , and their castle was set on fire , and they perished miserably in the flames . when earl paul found that they had escaped , he set out in hot haste for the island of hoy , for he was determined that the dwarf , at least , should not escape . but when he came to the dwarfie stone he found it silent and deserted , all trace of its uncanny occupants having disappeared .","[""The two Countesses escaped to Scotland after Harold's death."", 'The Norsemen invaded the land and set fire to their castle, causing them to perish miserably in the flames.', 'Earl Paul pursued the dwarf to the Island of Hoy but found it deserted when he arrived.']","[""Where did the two Countesses escape to after Harold's death?"", 'What did the Norsemen do to their castle?', 'What did Earl Paul find when he arrived at the Island of Hoy?']","['Scotland', 'They set fire to it.', 'it was deserted']","['setting', 'action', 'outcome resolution']"
"his wife set out in the new steamer and sang to the sea - king . next morning thirty cows stood on the shore , all finding food for themselves . ' know'st thou , good man , that we are far too cramped on this wretched rock , and where am i to find room for so many cows ? ' ' there is nothing to be done but to pump out the sea . ' ' rubbish ! ' said his wife . ' who can pump out the sea ? ' ' try with thy new steamer , there is a pump in it . ' maie knew well that her husband was only making fun of her , but still her mind was set upon the same subject . ' i never could pump the sea out , ' thought she , ' but perhaps i might fill it up , if i were to make a big dam . i might heap up sand and stones , and make our island as big again . '","[""Maie's husband suggested using the new steamer's pump to drain the sea."", 'Maie thought about filling up the sea instead of draining it, and came up with a plan to build a dam using sand and stones.']","[""What did Maie's husband suggest using?"", 'What did Maie plan to build?']","[""the new steamer's pump"", 'a dam']","['action', 'action']"
"i am going to tell you a story about a poor young widow woman , who lived in a house called kittlerumpit , though whereabouts in scotland the house of kittlerumpit stood nobody knows . some folk think that it stood in the neighbourhood of the debateable land , which , as all the world knows , was on the borders , where the old border reivers were constantly coming and going ; the scotch stealing from the english , and the english from the scotch . be that as it may , the widowed mistress of kittlerumpit was sorely to be pitied . for she had lost her husband , and no one quite knew what had become of him . he had gone to a fair one day , and had never come back again , and although everybody believed that he was dead , no one knew how he died . some people said that he had been persuaded to enlist , and had been killed in the wars ; others , that he had been taken away to serve as a sailor by the press - gang , and had been drowned at sea .","['A young widow woman lived in a house called Kittlerumpit in Scotland.', ""The woman's husband had gone to a fair one day and never came back, with no one knowing what happened to him.""]","['In which country does the young widow woman live?', ""What did the woman's husband do one day?""]","['Scotland', 'He went to a fair.']","['setting', 'action']"
"in a few days she heard that a great hunt was planned , and the prince would leave the palace very early in the morning , so that his wife would be alone all day . this was a chance not to be missed , and taking her daughter with her she went up to the palace , where she had never been before . the princess was too happy in her new home to remember all that she had suffered in the old one , and she welcomed them both gladly , and gave them quantities of beautiful things to take back with them . at last she took them down to the shore to see a pleasure boat which her husband had had made for her ; and here , the woman seizing her opportunity , stole softly behind the girl and pushed her off the rock on which she was standing , into the deep water , where she instantly sank to the bottom . then she fastened the mask on her daughter , flung over her shoulders a velvet cloak , which the princess had let fall , and finally arranged a lace veil over her head .","[""The woman heard about the prince's upcoming hunt and planned to kill the princess while she was alone."", 'The woman took advantage of the opportunity to push the princess into the water, where she sank to the bottom.', 'The woman disguised herself as the princess by putting on her mask, cloak, and veil.']","['What did the woman plan to do while the princess was alone?', 'What did the woman do to the princess?', 'What actions did the woman take to disguise herself?']","['kill the princess', 'She pushed her into the water.', 'She put on her mask, cloak, and veil.']","['action', 'action', 'action']"
"it happened once when a great feast was being held in the palace , that she said to the cook , ' can i go upstairs for a little bit and look on ? i will stand outside the doors . ' the cook replied , ' yes , you can go up , but in half - an - hour you must be back here to sweep up the ashes . ' then she took her little oil - lamp , and went into her little room , drew off her fur cloak , and washed off the soot from her face and hands , so that her beauty shone forth , and it was as if one sunbeam after another were coming out of a black cloud . then she opened the nut , and took out the dress as golden as the sun . and when she had done this , she went up to the feast , and everyone stepped out of her way , for nobody knew her , and they thought she must be a king 's daughter . but the king came towards her and gave her his hand , and danced with her , thinking to himself , ' my eyes have never beheld anyone so fair ! ' when the dance was ended , she curtseyed to him , and when the king looked round she had disappeared , no one knew whither . the guards who were standing before the palace were called and questioned , but no one had seen her .","['The servant girl was allowed to go upstairs during the feast, but only on condition that she return in half an hour to sweep up ashes.', ""She secretly changed into a beautiful golden dress and attended the feast, where everyone thought her to be a king's daughter."", 'The king danced with her, but when the dance ended, she disappeared without anyone knowing where she went.']","['What was the condition for the servant girl to return downstairs?', 'What did she change into?', 'What happened to the woman after the dance ended?']","['She had to sweep up ashes.', 'a beautiful golden dress', 'She disappeared without anyone knowing where she went.']","['action', 'action', 'outcome resolution']"
"it made the old man laugh to see their strange antics . "" how amusing this is ! "" laughed the old man to himself "" i am now quite old , but i have never seen anything so strange in all my life . "" he was so interested and excited in watching all that the demons were doing , that he forgot himself and stepped out of the tree and stood looking on .","['The demons were causing chaos, which amused the old man.', ""The old man stepped out of the tree and stood watching the demons' antics.""]","['Why was the old man amused?', 'What did the old man do first?']","['the demons were causing chaos', 'Stepped out of the tree']","['causal relationship', 'action']"
"it took some time to discover the whereabouts of the old woman , but at length it was accomplished , and when she arrived at the palace with the equerry , she was received with royal honours , as became the bride of the prince . the guards looked at each other with astonished eyes , as the wizened creature , bowed with age , passed between their lines ; but they were more amazed still at the lightness of her step as she skipped up the steps to the great door before which the king was standing , with the prince at his side . if they both felt a shock at the appearance of the aged lady they did not show it , and the king , with a grave bow , took her band , and led her to the chapel , where a bishop was waiting to perform the marriage ceremony . for the next few weeks little was seen of the prince , who spent all his days in hunting , and trying to forget the old wife at home . as for the princess , no one troubled himself about her , and she passed the days alone in her apartments , for she had absolutely declined the services of the ladies - in - waiting whom the king had appointed for her .","[""The king's bride was an old woman who was received with royal honors."", 'The princess refused the services of her appointed ladies-in-waiting and spent her days alone in her apartments.', 'The prince tried to forget his new wife by spending all his days hunting.']","[""What was the age of the king's bride?"", 'What did the princess refuse?', 'What was the prince doing every day?']","['old woman', 'The services of her appointed ladies-in-waiting.', 'Hunting']","['character', 'action', 'action']"
"long , long ago , in old japan , the kingdom of the sea was governed by a wonderful king . he was called rin jin , or the dragon king of the sea . his power was immense , for he was the ruler of all sea creatures both great and small , and in his keeping were the jewels of the ebb and flow of the tide . the jewel of the ebbing tide when thrown into the ocean caused the sea to recede from the land , and the jewel of the flowing tide made the waves to rise mountains high and to flow in upon the shore like a tidal wave .","['Rin Jin, or the Dragon King of the Sea, ruled over all sea creatures and had control over the jewels that controlled the tides.', 'The jewel of the ebbing tide caused the sea to recede from the land when thrown into the ocean.', 'The jewel of the flowing tide made the waves rise mountains high and flow onto the shore like a tidal wave.']","['Who is the ruler over all sea creatures?', 'What was thrown into the ocean?', 'What made the waves rise mountains high?']","['Rin Jin', 'the jewel of the ebbing tide', 'The flowing tide.']","['character', 'action', 'action']"
"long , long ago japan was governed by hohodemi , the fourth mikoto ( or augustness ) in descent from the illustrious amaterasu , the sun goddess . he was not only as handsome as his ancestress was beautiful , but he was also very strong and brave , and was famous for being the greatest hunter in the land . because of his matchless skill as a hunter , he was called "" yama - sachi - hiko "" or "" the happy hunter of the mountains . ""","['Hohodemi was the fourth Mikoto in descent from Amaterasu, the sun goddess.', 'He was known for his exceptional strength, bravery, and hunting skills.']","[""Who was Hohodemi's ancestor?"", 'What was he known for?']","['Amaterasu', 'His exceptional strength, bravery, and hunting skills.']","['character', 'character']"
"maie sighed . she knew well that her husband was right , but she could not give up the idea of a cow . the buttermilk no longer tasted as good as usual in the coffee ; she thought of sweet cream and fresh butter , and of how there was nothing in the world to be compared with them . one day as matte and his wife were cleaning herring on the shore they heard prince barking , and soon there appeared a gaily painted boat with three young men in it , steering towards the rock . they were students , on a boating excursion , and wanted to get something to eat . ' bring us a junket , good mother , ' cried they to maie . ' ah ! if only i had such a thing ! ' sighed maie . ' a can of fresh milk , then , ' said the students ; ' but it must not be skim . ' ' yes , if only i had it ! ' sighed the old woman , still more deeply . ' what ! have n't you got a cow ? '","['Maie wanted to get a cow, but her husband did not agree.', 'Three students arrived in a boat and asked Maie if she had any food to sell them.', 'The students specifically asked for fresh milk that was not skimmed.']","['Did Maie succeed in convincing her husband to get a cow?', ""What was Maie's role in relation to the students' request?"", 'What did the students specifically ask for?']","['No', 'Maie had any food to sell them.', 'fresh milk that was not skimmed']","['action', 'character', 'action']"
"many , many years ago there lived a good old man who had a wen like a tennis - ball growing out of his right cheek . this lump was a great disfigurement to the old man , and so annoyed him that for many years he spent all his time and money in trying to get rid of it . he tried everything he could think of . he consulted many doctors far and near , and took all kinds of medicines both internally and externally . but it was all of no use . the lump only grew bigger and bigger till it was nearly as big as his face , and in despair he gave up all hopes of ever losing it , and resigned himself to the thought of having to carry the lump on his face all his life .","['A good old man had a large wen growing out of his right cheek.', ""He tried many doctors and medicines to get rid of the wen, but it didn't work."", 'The wen continued to grow bigger until it was nearly as big as his face.']","[""What is notable about the old man's appearance?"", 'What did he try to get rid of the wen?', 'What continued to grow bigger until it was nearly as big as his face?']","['A large wen growing out of his right cheek.', 'the wen', 'the wen']","['character', 'action', 'action']"
"no one knew what had become of them ; a few people were inclined to think that the dwarf and his raven had accompanied the countess fraukirk and the countess helga on their flight , but the greater part of the islanders held to the belief , which i think was the true one , that the powers of the air spirited snorro away , and shut him up in some unknown place as a punishment for his wickedness , and that his raven accompanied him . at any rate , he was never seen again by any living person , and wherever he went , he lost all chance of finding the magic carbuncle . as for the silent earl and his irish sweetheart , they were married as soon as earl harold 's funeral was over ; and for hundreds of years afterwards , when the inhabitants of the orkney isles wanted to express great happiness , they said , "" as happy as earl paul and the countess morna . ""","['Snorro disappeared mysteriously, and his raven accompanied him.', ""The Silent Earl and his Irish sweetheart got married after Earl Harold's funeral.""]","['What happened to Snorro and his raven?', ""What happened after Earl Harold's funeral?""]","['They disappeared mysteriously.', 'They got married.']","['outcome resolution', 'outcome resolution']"
"now , it chanced that this house belonged to a tailor , and he and his two apprentices were sitting cross - legged on the top of a big table by the window , sewing away with all their might , while the tailor 's wife was sitting beside the fire carding lint . when the wee bannock came trundling across the floor , all three tailors got such a fright that they jumped down from the table and hid behind the master tailor 's wife . "" hoot , "" she said , "" what a set of cowards ye be ! it is but a nice wee bannock . get hold of it and divide it between you , and i 'll fetch you all a drink of milk . ""","['A wee bannock rolled across the floor, startling the three tailors.', ""The tailor's wife scolded them for being cowards and suggested they divide the bannock among themselves.""]","['What action did the three tailors witness?', ""What did the tailor's wife do?""]","['A wee bannock rolled across the floor', 'She scolded them.']","['action', 'action']"
"now , the king had a daughter , who was just as beautiful as her dead mother , and had just such golden hair . one day when she had grown up , her father looked at her , and saw that she was exactly like her mother , so he said to his councillors , ' i will marry my daughter to one of you , and she shall be queen , for she is exactly like her dead mother , and when i die her husband shall be king . ' but when the princess heard of her father 's decision , she was not at all pleased , and said to him , ' before i do your bidding , i must have three dresses ; one as golden as the sun , one as silver as the moon , and one as shining as the stars .","['The king decides to marry his daughter to one of his councillors.', ""The princess asks for three dresses: one as golden as the sun, one as silver as the moon, and one as shining as the stars before agreeing to her father's decision.""]","['Who does the king decide to marry his daughter to?', ""What does the princess ask for before agreeing to her father's decision?""]","['one of his councillors', 'three dresses']","['action', 'action']"
"now , when the countess fraukirk had been away upon her wicked errand , strange things were happening at the castle at kirkwall . for harold , encouraged by his brother 's absence , offered his heart and hand once more to the lady morna . once more she refused him , and in order to make sure that the scene should not be repeated , she told him that she had plighted her troth to his brother . when he heard that this was so , rage and fury were like to devour him . mad with anger , he rushed from her presence , flung himself upon his horse , and rode away in the direction of the sea shore . while he was galloping wildly along , his eyes fell on the snow - clad hills of hoy rising up across the strip of sea that divided the one island from the other . and his thoughts flew at once to snorro the dwarf , who he had had occasion , as well as his step - aunt , to visit in bygone days . "" i have it , "" he cried . "" stupid fool that i was not to think of it at once . i will go to snorro , and buy from him a love - potion , which will make my lady morna hate my precious brother and turn her thoughts kindly towards me . ""","[""Harold's brother was away, so he tried to win Lady Morna's heart again."", 'Lady Morna refused him and said she had promised her troth to his brother, which enraged Harold.', 'Harold decided to buy a love potion from Snorro the dwarf to make Lady Morna hate his brother and fall in love with him instead.']","[""Will Harold succeed in winning Lady Morna's heart again?"", 'What was the result of Lady Morna refusing Harold?', 'Why did Harold decide to buy a love potion from Snorro the dwarf?']","['No, since it is stated that his brother was away, implying that he tried to win her heart before and failed.', 'Her refusal enraged Harold.', 'To make Lady Morna hate his brother and fall in love with him instead.']","['outcome resolution', 'outcome resolution', 'causal relationship']"
"now for a time the dragon king and his bride lived very happily . they loved each other dearly , and the bridegroom day after day took delight in showing his bride all the wonders and treasures of his coral palace , and she was never tired of wandering with him through its vast halls and gardens . life seemed to them both like a long summer 's day . two months passed in this happy way , and then the dragon queen fell ill and was obliged to stay in bed . the king was sorely troubled when he saw his precious bride so ill , and at once sent for the fish doctor to come and give her some medicine . he gave special orders to the servants to nurse her carefully and to wait upon her with diligence , but in spite of all the nurses ' assiduous care and the medicine that the doctor prescribed , the young queen showed no signs of recovery , but grew daily worse .","['The dragon king and his bride lived happily together in their coral palace.', 'The dragon queen fell ill after two months of happiness.', 'The dragon king sent for the fish doctor to give her medicine.']","['What did the dragon king and his bride do in their coral palace?', 'What happened to the dragon queen after two months of happiness?', 'Why did the dragon king send for the fish doctor?']","['They lived happily together.', 'She fell ill.', 'To give her medicine.']","['action', 'outcome resolution', 'causal relationship']"
"now next door to this good old couple there lived a wicked and disagreeable old man . he , too , had for many years been troubled with the growth of a wen on his left cheek , and he , too , had tried all manner of things to get rid of it , but in vain .","['A wicked and disagreeable old man lived next door to a good old couple.', ""He had a wen on his left cheek that he couldn't get rid of.""]","['What is the nature of the old man who lives next door to the good couple?', 'What physical characteristic does the main character have?']","['The wicked and disagreeable old man.', 'A wen on his left cheek.']","['character', 'character']"
"now the rich neighbor got together as many mowers as ever he could ; but the poor one could not hire a single man . at last he despaired altogether and wept , because he did not know how he could manage to get so much as a bit of hay for the cow .","['The rich neighbor hired many mowers to help him harvest his hay.', 'The poor neighbor was unable to hire any mowers and felt hopeless about getting hay for his cow.']","['Who did the rich neighbor hire to help him harvest his hay?', 'What action did the poor neighbor try to take?']","['The rich neighbor hired many mowers.', 'Hire mowers']","['action', 'action']"
"now the skillful fisher had used the lost hook as an excuse for driving his brother out of the country . when his brother had left him that day three years ago , and had not returned , he had been very glad in his evil heart and had at once usurped his brother 's place as ruler of the land , and had become powerful and rich . now in the midst of enjoying what did not belong to him , and hoping that his brother might never return to claim his rights , quite unexpectedly there stood the happy hunter before him .","[""The fisherman's brother left him three years ago and never returned."", ""The fisherman took advantage of his brother's absence to usurp his place as ruler and become powerful and rich.""]","[""What did the fisherman's brother do three years ago?"", 'What action did the fisherman take while his brother was absent?']","['He left him.', 'usurp his place as ruler']","['action', 'action']"
"now when the merchant had discharged his cargo in foreign parts and had reloaded , and had bought what his servants had desired , he went back to his ship , and was about to shove off . not until then did he remember that the scullion had given him a four - shilling piece , with which to buy him something . "" must i go up to the city again because of this four - shilling piece ? one only has one 's troubles when one bothers with such truck , "" thought the merchant . then along came a woman with a bag on her back . "" what have you in your bag , granny ? "" asked the merchant . "" o , it is only a cat ! i can feed her no longer , and so i want to throw her into the sea in order to get rid of her , "" said the old woman . "" the boy told me to buy whatever i could get for the four - shilling piece , "" said the merchant to himself , and asked the woman whether he could have her cat for four shillings . the woman agreed without delay , and the bargain was closed .","['The merchant forgot about a four-shilling piece given to him by his scullion.', 'A woman offered to sell the merchant her cat for four shillings, which matched the value of the coin he had forgotten.']","['What did the merchant forget?', 'What did the woman offer to sell to the merchant?']","['a four-shilling piece given to him by his scullion', 'Her cat']","['action', 'action']"
"now when the merchant had sailed on for a while , a terrible storm broke loose , a thunderstorm without an equal , and he drifted and drifted , and did not know where or whither . at last he came to a land where he had never yet been , and went up into the city . in the tavern which he entered the table was set , and at every place lay a switch , one for each guest . this seemed strange to the merchant , for he could not understand what was to be done with all the switches . yet he sat down and thought : "" i will watch carefully , and see just what the rest do with them , and then i can imitate them . "" yes , and when the food came on the table , then he knew why the switches were there : the place was alive with thousands of mice , and all who were sitting at the table had to work and fight and beat about them with their switches , and nothing could be heard but the slapping of the switches , one worse than the other . sometimes people hit each other in the face , and then they had to take time to say , "" excuse me ! ""","[""A terrible storm forced the merchant's ship off course and he drifted into a new land."", 'In the tavern, the merchant found that each guest had a switch at their place setting, which they used to fight off thousands of mice.', 'The guests were slapping the switches wildly, sometimes hitting each other in the face.']","[""What was the result of the terrible storm for the merchant's ship?"", 'What were the guests in the tavern using to fight off thousands of mice?', 'What happened to the guests when they were slapping the switches wildly?']","['The merchant drifted into a new land.', 'switches', 'They hit each other in the face.']","['outcome resolution', 'action', 'outcome resolution']"
"now when the merchant was out at sea again , he considered how much the boy had gained with the four - shilling piece he had given him . "" well , he shall have some of the money , "" said the merchant to himself , "" but not all of it . for he has to thank me for the cat , which i bought for him , and charity begins at home . "" but while the merchant was thinking these thoughts , such a storm and tempest arose that all thought the ship would sink . then the merchant realized that there was nothing left for him to do but to promise that the boy should have all the money . no sooner had he made his vow , than the weather turned fair , and he had a favoring wind for his journey home . and when he landed , he gave the youth the six hundred dollars and his daughter to boot . for now the scullion was as rich as the merchant himself and richer , and thereafter he lived in splendor and happiness . and he took in his mother and treated her kindly . "" for i do not believe that charity begins at home , "" said the youth .","['A storm arose while the merchant was thinking about how much money to give to the boy.', 'The merchant promised to give the boy all the money after the storm, which then subsided.', 'The merchant gave the boy six hundred dollars and also his daughter as a gift.']","[""What happened as a result of the merchant's consideration about how much money to give to the boy?"", 'What did the merchant promise to give the boy?', 'What did the merchant give to the boy?']","['A storm arose.', 'all the money after the storm', 'six hundred dollars and his daughter']","['outcome resolution', 'action', 'action']"
"of course he was overjoyed to meet lady morna again , and she was overjoyed to meet him , for she felt that she was now safe from the unwelcome attentions of earl harold . but to earl harold the sight of their joy was as gall and bitterness , and he could scarcely contain himself , although he still trusted in the efficacy of snorro the dwarf 's love - potion . as for countess fraukirk and countess helga , they looked forward eagerly to the time when the magic web would arrive , out of which they hoped to fashion a fatal gift for earl paul . at last , the day before christmas eve , the two wicked women were sitting in the countess helga 's chamber talking of the time when earl harold would rule alone in orkney , when a tap came to the window , and on looking round they saw dwarf snorro 's grey - headed raven perched on the sill , a sealed packet in its beak .","['Earl Harold was furious when he saw Lady Morna and her companion rejoicing together.', 'Countess Helga and Countess Fraukirk were eagerly waiting for the magic web to arrive, so they could make a fatal gift for Earl Paul.', 'A raven arrived at the window with a sealed packet in its beak.']","[""What was Earl Harold's reaction when he saw Lady Morna and her companion rejoicing together?"", 'Why are Countess Helga and Countess Fraukirk waiting for the magic web to arrive?', 'What was the raven carrying in its beak?']","['He was furious.', 'to make a fatal gift for Earl Paul', 'a sealed packet']","['action', 'causal relationship', 'character']"
"on they went , on and on and one , till they reached a cottage which was thatched with heather . with a bound the deer sprang on the roof , and lay down where none could see her , but as she did so she called out , ' go in , fisher 's son , and eat and drink while you may . ' so he entered and found food and wine on the table , but no man , for the house belonged to some robbers , who were still away at their wicked business . after ian , the fisher 's son , had eaten all he wanted , he hid himself behind a great cask , and very soon he heard a noise , as of men coming through the heather , and the small twigs snapping under their feet . from his dark corner he could see into the room , and he counted four and twenty of them , all big , cross - looking men . ' some one has been eating our dinner , ' cried they , ' and there was hardly enough for ourselves . '","['Ian followed the deer to a cottage with a heather-thatched roof.', 'The deer told Ian to eat and drink while he could, but there was no one in the house.', 'Ian hid behind a cask and watched as 24 robbers returned to their cottage.', 'The robbers suspected that someone had eaten their dinner.']","['Where did Ian follow the deer?', 'What did the deer tell Ian to do?', 'What did Ian do?', ""Who ate the robbers' dinner?""]","['a cottage with a heather-thatched roof', 'eat and drink', 'He hid behind a cask.', 'someone']","['setting', 'action', 'action', 'action']"
"once upon a time there lived near a forest a man and his wife and two girls ; one girl was the daughter of the man , and the other the daughter of his wife ; and the man 's daughter was good and beautiful , but the woman 's daughter was cross and ugly . however , her mother did not know that , but thought her the most bewitching maiden that ever was seen .","['A man and his wife lived near a forest with their two daughters.', 'One daughter was considered beautiful and good by her father, but the other was considered cross and ugly by her mother.']","['Where did the man, his wife, and their two daughters live?', 'What was considered beautiful and good by her father?']","['near a forest', 'One daughter']","['setting', 'character']"
"once upon a time there was a big wedding at a certain farmstead , and a certain cottager was on his way to the wedding - feast . as he chanced to cross a field , he found a milk - strainer , such as are usually made of cows ' tails , and looking just like an old brown rag . he picked it up , for he thought it could be washed , and then he would give it to his wife for a dish - rag . but when he came to the house where they were celebrating the wedding , it seemed as though no one saw him . the bride and groom nodded to the rest of the guests , they spoke to them and poured for them ; but he got neither greeting nor drink . then the chief cook came and asked the other folk to sit down to the table ; but he was not asked , nor did he get anything to eat . for he did not care to sit down of his own accord when no one had asked him . at last he grew angry and thought : "" i might as well go home , for not a soul pays a bit of attention to me here . "" when he reached home , he said : "" good evening , here i am back again . ""","['The cottager found an old milk-strainer in a field and picked it up.', 'He was ignored by the guests at the wedding celebration, despite being present.', 'The cottager got angry and decided to go home without eating or drinking anything.']","['What did the cottager find in the field?', 'What happened as a result of being ignored by the guests?', 'What did the cottager decide to do?']","['an old milk-strainer', 'He was ignored.', 'go home']","['action', 'outcome resolution', 'action']"
"once upon a time there was a fisherman , who lived near the king 's castle , and caught fish for the king 's table . one day when he had gone fishing , he could not catch a thing . try as he might , no matter how he baited or flung , not the tiniest fish would bite ; but when this had gone on for a while , a head rose from the water and said : "" if you will give me the first new thing that has come into your house , you shall catch fish a - plenty ! "" then the man agreed quickly , for he could think of no new thing that might have come into the house . so he caught fish all day long , and as many as he could wish for , as may well be imagined .","['A mysterious head rose from the water and offered the fisherman a deal.', 'The fisherman agreed to give the head the first new thing that came into his house in exchange for catching plenty of fish.']","['What rose from the water?', 'What did the fisherman agree to give the head?']","['A mysterious head.', 'the first new thing that came into his house']","['action', 'action']"
"once upon a time there was a poor woman , who lived in a wretched hut far away from the village . she had but little to bite and less to burn , so she sent her little boy to the forest to gather wood . he skipped and leaped , and leaped and skipped , in order to keep warm , for it was a cold , gray autumn day , and whenever he had gathered a root or a branch to add to his bundle , he had to slap his arms against his shoulders , for the cold made his hands as red as the whortleberry bushes over which he walked . when he had filled his barrow , and was wandering homeward , he crossed a field of stubble . there he saw lying a jagged white stone . "" o , you poor old stone , how white and pale you are ! you must be freezing terribly ! "" said the boy ; took off his jacket , and laid it over the stone . and when he came back home with his wood , his mother asked him how it was that he was going around in the autumn cold in his shirt - sleeves . he told her that he had seen a jagged old stone , quite white and pale with the frost , and that he had given it his jacket . "" you fool , "" said the woman , "" do you think a stone can freeze ? and even if it had chattered with frost , still , charity begins at home . your clothes cost enough as it is , even when you do n't hang them on the stones out in the field!""--and with that she drove the boy out again to fetch his jacket . when he came to the stone , the stone had turned around , and had raised itself from the ground on one side .","['The boy gathered wood for his mother on a cold autumn day.', 'He saw a white stone lying in a field and took off his jacket to put over it, thinking it was cold.', 'His mother scolded him for being foolish and not taking care of himself first.', 'When the boy returned to the stone, he found that it had turned around and raised itself from the ground.']","['What did the boy do on a cold autumn day?', 'Will the stone be warm under the jacket?', 'Who scolded him?', 'What happened to the stone when the boy returned?']","['He gathered wood for his mother.', 'No, the stone will not be warm under the jacket because it is already described as lying in a field and being white, suggesting it is likely cold.', 'His mother', 'It had turned around and raised itself from the ground.']","['action', 'outcome resolution', 'action', 'outcome resolution']"
"one day the firewood gave out in his kitchen , so , as his wife wanted some at once , the old man took his ax and set out for the woods up among the hills not very far from his home . it was a fine day in the early autumn , and the old man enjoyed the fresh air and was in no hurry to get home . so the whole afternoon passed quickly while he was chopping wood , and he had collected a goodly pile to take back to his wife . when the day began to draw to a close , he turned his face homewards .","[""The firewood ran out in the old man's kitchen."", 'The old man went to the woods to chop more wood for his wife.', 'He enjoyed the fresh air and was not in a hurry to get home.', 'He collected a goodly pile of wood before turning back home as the day drew to a close.']","[""What ran out in the old man's kitchen?"", 'Why did the old man go to the woods?', 'Why was he not in a hurry to get home?', 'What did he collect before turning back home?']","['The firewood.', 'to chop more wood for his wife', 'He enjoyed the fresh air.', 'wood']","['action', 'causal relationship', 'causal relationship', 'action']"
"one day the happy hunter came to his brother , the skillful fisher , and said : "" well , my brother , i see you go to the sea every day with your fishing rod in your hand , and when you return you come laden with fish . and as for me , it is my pleasure to take my bow and arrow and to hunt the wild animals up the mountains and down in the valleys . for a long time we have each followed our favorite occupation , so that now we must both be tired , you of your fishing and i of my hunting . would it not be wise for us to make a change ? will you try hunting in the mountains and i will go and fish in the sea ? ""","['The happy hunter proposed switching occupations with his brother, the skillful fisher.', 'He suggested that they try something new to avoid getting tired of their current activities.']","['What did the happy hunter propose switching with his brother?', 'What did he suggest they try?']","['Occupations', 'something new']","['action', 'action']"
"one day the man called to his daughter and bade her come with him into the forest to cut wood . they worked hard all day , but in spite of the chopping they were very cold , for it rained heavily , and when they returned home , they were wet through . then , to his vexation , the man found that he had left his axe behind him , and he knew that if it lay all night in the mud it would become rusty and useless . so he said to his wife : ' i have dropped my axe in the forest , bid your daughter go and fetch it , for mine has worked hard all day and is both wet and weary . '","['The man and his daughter went into the forest to cut wood but got wet in the rain.', 'The man forgot his axe in the forest and asked his wife to send their daughter to get it.']","['What happened to the man and his daughter as a result of going into the forest?', 'What happened as a result of the man forgetting his axe in the forest?']","['They got wet.', 'The daughter was sent to get the axe.']","['outcome resolution', 'outcome resolution']"
"one night the prince returned after a longer chase than usual , and he was so tired that he went up straight to bed . suddenly he was awakened by a strange noise in the room , and suspecting that a robber might have stolen in , he jumped out of bed , and seized his sword , which lay ready to his hand . then he perceived that the noise proceeded from the next room , which belonged to the princess , and was lighted by a burning torch . creeping softly to the door , he peeped through it , and beheld her lying quietly , with a crown of gold and pearls upon her head , her wrinkles all gone , and her face , which was whiter than the snow , as fresh as that of a girl of fourteen . could that really be his wife -- that beautiful , beautiful creature ? the prince was still gazing in surprise when the lady opened her eyes and smiled at him . ' yes , i really am your wife , ' she said , as if she had guessed his thoughts , ' and the enchantment is ended . now i must tell you who i am , and what befell to cause me to take the shape of an old woman . '","['The prince was awakened by a strange noise in his room and suspected a robber.', ""He discovered that the noise came from his wife's room and saw her transformed into a beautiful young woman."", 'His wife revealed that she had been under an enchantment, which was now ended.']","['Who was awakened by a strange noise?', 'What did he discover was making the noise?', 'What was ended?']","['The prince.', ""the noise came from his wife's room"", 'the enchantment']","['character', 'action', 'action']"
"she agreed willingly . hiding her rosy face on his shoulder , she confessed that she had loved him from the very first day that she had seen him ; and ever since that moment she had determined that , if she could not we d him , she would we d no other man . for a little time they sat together , rejoicing in their new - found happiness . then earl paul sprang to his feet . "" let us go and tell the good news to my mother and my brother , "" he said . "" harold may be disappointed at first , for i know , sweetheart , he would fain have had thee for his own . but his good heart will soon overcome all that , and he will rejoice with us also . "" but the lady morna shook her head . she knew , better than her lover , what earl harold 's feeling would be ; and she would fain put off the evil hour .","['Lady Morna confessed her love to Earl Paul, revealing she had been in love with him since their first meeting.', 'Earl Paul suggested they share the news with his mother and brother, including Harold, who might initially be disappointed but would eventually rejoice.']","['When did Lady Morna confess her love to Earl Paul?', 'Who did Earl Paul suggest sharing the news with?']","['She confessed her love to him in the present moment of the story.', 'His mother and brother, including Harold.']","['action', 'action']"
"she had run to her little room and had quickly taken off her dress , made her face and hands black , put on the fur cloak , and was once more the many - furred creature . when she came into the kitchen and was setting about her work of sweeping the ashes together , the cook said to her , ' let that wait till to - morrow , and just cook the king 's soup for me ; i want to have a little peep at the company upstairs ; but be sure that you do not let a hair fall into it , otherwise you will get nothing to eat in future ! ' so the cook went away , and the many - furred creature cooked the soup for the king . she made a bread - soup as well as she possibly could , and when it was done , she fetched her gold ring from her little room , and laid it in the tureen in which the soup was to be served up .","[""The many-furred creature (who was actually a princess) cooked the king's soup and added her gold ring to it."", 'The cook asked the many-furred creature to be careful not to let any hair fall into the soup, or she would go hungry.']","[""What did the many-furred creature add to the king's soup?"", 'What did the cook ask the many-furred creature to be careful not to do?']","['Her gold ring.', 'let any hair fall into the soup']","['action', 'action']"
"she raised it to her lips , but she only made a pretence at drinking , for she had seen the hated earl fingering the cup , and she feared some deed of treachery . when he had gone back to his seat she managed to pour the whole of the wine on the floor , and smiled to herself at the look of satisfaction that came over harold 's face as she put down the empty cup . his satisfaction increased , for from that moment she felt so afraid of him that she treated him with great kindness , hoping that by doing so she would keep in his good graces until the court moved to orphir , and her own true love could protect her . harold , on his side , was delighted with her graciousness , for he felt certain that the charm was beginning to work , and that his hopes would soon be fulfilled . a week later the court removed to the royal palace at orphir , where earl paul had everything in readiness for the reception of his guests .","['The queen suspected that Earl Harold was trying to poison her.', 'She poured out the wine on the floor while pretending to drink from the cup.', ""Earl Harold was delighted with the queen's graciousness, thinking it meant she was under his spell.""]","['Was Earl Harold trying to poison the queen?', 'What did she pour out on the floor?', 'Why did Earl Harold think the queen was acting a certain way?']","['Yes', 'wine', 'her graciousness']","['action', 'action', 'causal relationship']"
"she stood and looked at the dying creature for some minutes , rocking to and fro and muttering to herself in words which the widow could not understand ; at least , she could only understand four of them , and they sounded something like this : "" pitter - patter , haly water . "" then she put her hand into her pocket and drew out a tiny bottle with a liquid that looked like oil in it . she took the cork out , and dropped one of her long lady - like fingers into it ; then she touched the pig on the snout and on his ears , and on the tip of his curly tail . no sooner had she done so than up the beast jumped , and , with a grunt of contentment , ran off to its trough to look for its breakfast .","['The old woman stood in silence, rocking back and forth, muttering incomprehensible words.', ""She pulled out a tiny bottle of liquid from her pocket and applied it to the pig's snout, ears, and tail."", 'The pig suddenly recovered and ran off to its trough to eat.']","['What was the old woman doing?', ""What did she apply to the pig's snout, ears, and tail?"", 'What did the pig do after it recovered?']","['She was rocking back and forth.', 'liquid', 'It ran off to its trough to eat.']","['action', 'action', 'action']"
"snorro saw that he was in earnest , so without a word he entered his dwelling , and in a few minutes returned with a small phial in his hand , which was full of a rosy liquid . "" pour the contents of this into the lady morna 's wine - cup , "" he said , "" and i warrant thee that before four - and - twenty hours have passed she will love thee better than thou lovest her now . "" then he waved his hand , as if to dismiss his visitor , and disappeared into his dwelling - place . earl harold made all speed back to the castle ; but it was not until one or two days had elapsed that he found a chance to pour the love - potion into the lady morna 's wine - cup . but at last , one night at supper , he found an opportunity of doing so , and , waving away the little page - boy , he handed it to her himself .","[""Snorro gave Earl Harold a phial of liquid and told him to pour it into Lady Morna's wine-cup."", 'Earl Harold waited for an opportunity to give the love potion to Lady Morna, which he finally did at supper one night.']","['Who gave Earl Harold a phial of liquid?', 'When did Earl Harold give the love potion to Lady Morna?']","['Snorro', 'At supper one night.']","['action', 'action']"
"so he ordered a hundred armored soldiers , with bows and swords , to surround the house of the youth , and under all circumstances to take molo captive . but molo drew his dagger and flew up the high wall . thence he looked about him like a hawk . the arrows flew as thick as rain , but not one hit him . and in a moment he had disappeared , no one knew where . yet ten years later one of his former master 's servants ran across him in the south , where he was selling medicine . and he looked exactly as he had looked ten years before .","['Molo was ordered to be captured by a hundred armored soldiers.', 'Molo escaped from the soldiers by flying up the high wall with his dagger.', 'Despite being shot at with arrows, Molo managed to disappear without being hit.', ""Ten years later, one of Molo's former master's servants encountered him in the south while he was selling medicine.""]","['Who ordered Molo to be captured?', 'How did Molo escape from the soldiers?', 'Was Molo hit by any arrows?', 'What was Molo doing in the south?']","['A hundred armored soldiers.', 'He flew up the high wall with his dagger.', 'No', 'selling medicine']","['action', 'action', 'outcome resolution', 'action']"
"so jock ran into the dark corner behind the chair ; but , in his hurry , he tripped and fell , and the wee bannock jumped over him and flew laughing out at the door . through the whins and up the hillside it ran , and over the top of the hill , to a shepherd 's cottage on the other side . the inmates were just sitting down to their porridge , and the goodwife was scraping the pan . "" save us and help us , "" she exclaimed , stopping with the spoon half - way to her mouth . "" there 's a wee bannock come in to warm itself at our fireside . "" "" sneck the door , "" cried the husband , "" and we 'll try to catch it . it would come in handy after the porridge . ""","['Jock tried to catch the wee bannock but tripped and fell.', 'The wee bannock escaped and flew out the door.', ""It ran through the whins and over the hillside to a shepherd's cottage."", 'The goodwife exclaimed that there was a wee bannock at their fireside.', 'The husband suggested catching it for dinner after porridge.']","['What happened to Jock after he tried to catch the bannock?', 'What did the wee bannock do?', 'Where did it run?', 'What did the goodwife exclaim about at their fireside?', 'What did the husband suggest doing after porridge?']","['He tripped and fell.', 'It escaped and flew out the door.', ""the whins and over the hillside to a shepherd's cottage"", 'There was a wee bannock.', 'catching it for dinner']","['outcome resolution', 'action', 'setting', 'action', 'action']"
"so she jumped up with her lint and her lint cards , and the tailor jumped up with his great shears , and one apprentice grasped the line measure , while another took up the saucer full of pins ; and they all tried to catch the wee bannock . but it dodged them round and round the fire , and at last it got safely out of the door and ran down the road , with one of the apprentices after it , who tried to snip it in two with his shears . it ran too quickly for him , however , and at last he stopped and went back to the house , while the wee bannock ran on until it came to a tiny cottage by the roadside . it trundled in at the door , and there was a weaver sitting at his loom , with his wife beside him , winding a clue of yarn .","['A wee bannock jumped out of the house and was chased by the tailor and his apprentices.', 'The wee bannock dodged around the fire and escaped out the door.', 'One of the apprentices tried to catch the wee bannock with shears, but it ran too quickly for him.', 'The wee bannock eventually came to a tiny cottage by the roadside and entered through the door.']","['What was chased by the tailor and his apprentices?', 'What did the wee bannock do to escape?', 'What did the apprentice try to catch with shears?', 'What entered through the door?']","['A wee bannock', 'dodged around the fire', 'the wee bannock', 'The wee bannock']","['action', 'action', 'action', 'action']"
"so the boy had to go out into the wide world , and wandered about far and near looking for service . but wherever he went people found him too small or too weak , and said that they could make no use of him . at last he came to a merchant . there they kept him to work in the kitchen , and he had to fetch wood and water for the cook . when he had been there for some time , the merchant decided to journey to far countries , and asked all his servants what he should buy and bring back home for them . after all had told him what they wanted , came the turn of the little fellow who carried wood and water for the kitchen . he handed him his four - shilling piece . "" well , and what am i to buy for it ? "" asked the merchant . "" it will not be a large purchase . "" "" buy whatever it will bring , it is honest money , that i know , "" said the boy . his master promised to do so , and sailed away .","['The boy was rejected by many people because of his small size and weakness.', ""The boy worked as a servant in the merchant's kitchen, fetching wood and water for the cook."", 'The merchant asked his servants what they wanted him to buy on his journey, including the little fellow who carried wood and water.']","['Why was the boy rejected by many people?', 'What did the boy do for the cook?', 'What did the little fellow who carried wood and water ask the merchant to buy?']","['His small size and weakness.', 'Fetching wood and water.', 'wood and water']","['causal relationship', 'action', 'action']"
"so the gallows was built upon a high platform , and the fisher 's son mounted the steps up to it , and turned at the top to make the speech that was expected from every doomed man , innocent or guilt . as he spoke he happened to raise his arm , and the king 's daughter , who was there at her father 's side , saw the name which she had written under it . with a shriek she sprang from her seat , and the eyes of the spectators were turned towards her . ' stop ! stop ! ' she cried , hardly knowing what she said . ' if that man is hanged there is not a soul in the kingdom but shall die also . ' and running up to where the fisher 's son was standing , she took him by the hand , saying , ' father , this is no robber or murderer , but the victor in the three races , and he loosed the spells that were laid upon me . '","[""The king's daughter saw the name she had written under the fisher's son's arm."", ""She realized that the fisher's son was not a robber or murderer but the victor in the three races who had loosed the spells cast upon her.""]","['Who saw the name?', 'Who loosed the spells cast upon her?']","[""The king's daughter"", 'the victor in the three races']","['action', 'action']"
"so the matter was settled by this talk , and the two brothers each started out to try the other 's occupation , little dreaming of all that would happen . it was very unwise of them , for the happy hunter knew nothing of fishing , and the skillful fisher , who was bad tempered , knew as much about hunting .","['The two brothers decided to switch occupations without considering their skills or limitations.', 'The happy hunter knew nothing about fishing, while the skillful fisherman was bad-tempered and inexperienced in hunting.']","['What happened as a result of the two brothers switching occupations?', 'What was the temperament of the skillful fisherman?']","['Nothing (The sentence explicitly states that they decided to switch without considering their skills or limitations, implying no positive outcome.)', 'Bad-tempered']","['outcome resolution', 'character']"
"so the old woman continued , ' the most beautiful woman in the whole world is the daughter of the queen of the flowers , who has been captured by a dragon . if you wish to marry her , you must first set her free , and this i will help you to do . i will give you this little bell : if you ring it once , the king of the eagles will appear ; if you ring it twice , the king of the foxes will come to you ; and if you ring it three times , you will see the king of the fishes by your side . these will help you if you are in any difficulty . now farewell , and heaven prosper your undertaking . ' she handed him the little bell , and there disappeared hut and all , as though the earth had swallowed her up .","['An old woman appears and tells the protagonist about a beautiful woman captured by a dragon.', 'She offers to help the protagonist set the woman free and gives him a magical bell with three different functions.']","['Who tells the protagonist about a beautiful woman captured by a dragon?', 'What does she offer to help the protagonist do?']","['An old woman', 'set the woman free']","['character', 'action']"
"the bystanders told the farmer that he ought to give the bonze one of the smaller pears and let him go . but the farmer would not and did not . an artisan saw the whole affair from his shop , and since the noise annoyed him , he took some money , bought a pear and gave it to the bonze . the bonze thanked him and said : "" one like myself , who has given up the world , must not be miserly . i have beautiful pears myself , and i invite you all to eat them with me . "" then some one asked : "" if you have pears then why do you not eat your own ? "" he answered : "" i first must have a seed to plant . ""","['The bystanders advised the farmer to give the bonze one of the smaller pears.', 'An artisan bought a pear and gave it to the bonze instead.', 'The bonze invited everyone to eat his own pears, but explained that he needed a seed to plant first.']","['What did the farmer give to the bonze?', 'What did the artisan buy?', 'What did the bronze do first before eating his pears?']","['one of the smaller pears', 'a pear', 'He needed a seed to plant first.']","['action', 'action', 'action']"
"the chief steward thought for some time , and then , as if struck by a sudden thought , said joyfully : "" i know what we must do ! there is the kurage ( jelly fish ) . he is certainly ugly to look at , but he is proud of being able to walk on land with his four legs like a tortoise . let us send him to the island of monkeys to catch one . "" the jelly fish was then summoned to the king 's presence , and was told by his majesty what was required of him . the jelly fish , on being told of the unexpected mission which was to be intrusted to him , looked very troubled , and said that he had never been to the island in question , and as he had never had any experience in catching monkeys he was afraid that he would not be able to get one .","['The chief steward suggested using the jellyfish to catch a monkey.', 'The jellyfish was hesitant and unsure if it could complete the mission.']","['What did the chief steward suggest doing?', ""What was the jellyfish's attitude towards completing the mission?""]","['Using the jellyfish to catch a monkey', 'Hesitant and unsure.']","['action', 'character']"
"the cuttlefish now came forward , and said to the king : "" what i said was right . you see the hook still sticks in the tai 's throat . i hope to be able to pull it out in the presence of the mikoto , and then we can return it to him safely ! "" "" o please make haste and pull it out ! "" cried the tai , pitifully , for he felt the pains in his throat coming on again ; "" i do so want to return the hook to the mikoto . "" "" all right , tai san , "" said his friend the cuttlefish , and then opening the tai 's mouth as wide as he could and putting one of his feelers down the tai 's throat , he quickly and easily drew the hook out of the sufferer 's large mouth . he then washed it and brought it to the king .","[""The king noticed a hook stuck in the tai's throat."", ""The cuttlefish successfully pulled out the hook from the tai's throat.""]","[""What did the king notice stuck in the tai's throat?"", 'What did the cuttlefish do to help the tai?']","['A hook', 'pulled out the hook']","['action', 'action']"
"the fisher 's son did as the woman told him , and everything happened just as she had said . but at parting the second sister said to him , as she gave him another pair of shoes : ' go to my third sister , for she has a son who is keeper of the birds of the air , and sends them to sleep when night comes . he is very wise , and perhaps he can help you . ' then the young man thanked her , and went to the third sister .","[""The fisher's son followed the woman's instructions and everything happened as she said."", 'The second sister gave the young man another pair of shoes and advised him to visit her third sister, whose son could help him.']","[""What happened as a result of following the woman's instructions?"", 'What action did the second sister advise the young man to do?']","['everything happened as she said', 'visit her third sister']","['outcome resolution', 'action']"
"the hall was full to overflowing when the prisoner entered it , and all marvelled at the brightness of his face . the king inquired if he had any excuse to plead for the high treason he had committed by striking the heir to the throne , and , if so , to be quick in setting it forth . with a low bow the youth made answer in a clear voice : ' o my lord and gracious king , and you , nobles and wise men of the land , i leave my cause without fear in your hands , knowing that you will listen and judge rightly , and that you will suffer me to speak to the end , before you give judgment . ' ' for four years , you , o king , had been married to the queen and yet had no children , which grieved you greatly . the queen saw this , and likewise that your love was going from her , and thought night and day of some plan that might put an end to this evil . at length , when you were away fighting in distant countries , she decided what she would do , and adopted in secret the baby of a poor quarryman , sending a messenger to tell you that you had a son . no one suspected the truth except a priest to whom the queen confessed the truth , and in a few weeks she fell ill and died , leaving the baby to be brought up as became a prince . and now , if your highness will permit me , i will speak of myself . ' ' what you have already told me , ' answered the king , ' is so strange that i can not imagine what more there is to tell , but go on with your story . '","['The king had been childless for four years, which grieved him greatly.', ""The queen adopted a baby boy from a poor quarryman and presented him as the king's son while he was away fighting."", ""The prisoner is revealed to be the 'adopted' prince, who has come forward with this information.""]","['What had been the case with the king for four years?', 'Who adopted a baby boy from a poor quarryman?', 'Who is revealed to be the adopted prince?']","['He was childless.', 'The queen.', 'the prisoner']","['action', 'action', 'character']"
"the happy hunter made all the haste he could , riding on the basket which had been given him by his friend . his queer boat seemed to go through the water of its own accord , and the distance was much shorter than he had expected , for in a few hours he caught sight of the gate and the roof of the sea king 's palace . and what a large place it was , with its numberless sloping roofs and gables , its huge gateways , and its gray stone walls ! he soon landed , and leaving his basket on the beach , he walked up to the large gateway . the pillars of the gate were made of beautiful red coral , and the gate itself was adorned with glittering gems of all kinds . large katsura trees overshadowed it . our hero had often heard of the wonders of the sea king 's palace beneath the sea , but all the stories he had ever heard fell short of the reality which he now saw for the first time .","['The Happy Hunter rode on a basket given by his friend, which seemed to move through the water on its own.', ""He arrived at the Sea King's palace in a few hours, shorter than expected."", 'The palace was enormous with numerous sloping roofs, huge gateways, and gray stone walls.', 'The Happy Hunter landed and walked up to the large gateway, admiring the beautiful coral pillars and glittering gems.']","['What was The Happy Hunter riding on?', 'At what location did he arrive?', 'Where does the palace described in the sentence take place?', 'What did the Happy Hunter do when he arrived at the large gateway?']","['a basket', ""The Sea King's palace"", 'The palace takes place in an unspecified location, but it can be inferred as a physical structure with gray stone walls, suggesting a real-world setting rather than a fictional one. However, without more specific details, we cannot pinpoint an exact location.', 'He landed and walked up.']","['action', 'setting', 'setting', 'action']"
"the happy hunter took his brother 's much - prized fishing hook and rod and went down to the seashore and sat down on the rocks . he baited his hook and then threw it into the sea clumsily . he sat and gazed at the little float bobbing up and down in the water , and longed for a good fish to come and be caught . every time the buoy moved a little he pulled up his rod , but there was never a fish at the end of it , only the hook and the bait . if he had known how to fish properly , he would have been able to catch plenty of fish , but although he was the greatest hunter in the land he could not help being the most bungling fisher .","[""The happy hunter took his brother's fishing hook and rod to the seashore."", 'He baited his hook and threw it into the sea, but caught no fish.', 'Despite being a skilled hunter, he was unable to catch any fish.']","[""Where did the hunter take his brother's fishing hook and rod?"", 'Did he catch any fish?', 'Was he able to catch any fish?']","['the seashore', 'No', 'No']","['setting', 'outcome resolution', 'outcome resolution']"
"the happy hunter would have liked to enter the gate there and then , but he saw that it was fast closed , and also that there was no one about whom he could ask to open it for him , so he stopped to think what he should do . in the shade of the trees before the gate he noticed a well full of fresh spring water . surely some one would come out to draw water from the well some time , he thought . then he climbed into the tree overhanging the well , and seated himself to rest on one of the branches , and waited for what might happen . ere long he saw the huge gate swing open , and two beautiful women came out . now the mikoto ( augustness ) had always heard that ryn gu was the realm of the dragon king under the sea , and had naturally supposed that the place was inhabited by dragons and similar terrible creatures , so that when he saw these two lovely princesses , whose beauty would be rare even in the world from which he had just come , he was exceedingly surprised , and wondered what it could mean .","['The happy hunter tried to enter the gate but found it closed, so he waited for someone to come out.', 'He noticed a well with fresh spring water and decided to rest in a nearby tree while waiting.', 'Two beautiful women came out of the castle, surprising the hunter who had expected to see dragons or other terrifying creatures.']","['What happened to the happy hunter after he found the gate closed?', 'What action did he decide to take while waiting?', 'What did the hunter expect to see?']","['He waited for someone to come out.', 'rest in a nearby tree', 'Dragons or other terrifying creatures.']","['outcome resolution', 'action', 'character']"
"the jelly fish was very disappointed when he heard this , for he believed every word the monkey said . the monkey was of no good without a liver . finally the jelly fish stopped and told the monkey so . "" well , "" said the monkey , "" that is soon remedied . i am really sorry to think of all your trouble ; but if you will only take me back to the place where you found me , i shall soon be able to get my liver . "" the jelly fish did not at all like the idea of going all the way back to the island again ; but the monkey assured him that if he would be so kind as to take him back he would get his very best liver , and bring it with him the next time . thus persuaded , the jelly fish turned his course towards the monkey island once more . no sooner had the jelly fish reached the shore than the sly monkey landed , and getting up into the pine - tree where the jelly fish had first seen him , he cut several capers amongst the branches with joy at being safe home again , and then looking down at the jelly fish said : "" so many thanks for all the trouble you have taken ! please present my compliments to the dragon king on your return ! ""","[""The jellyfish believed the monkey's story about needing a liver and took him back to the island."", 'When they arrived at the island, the monkey cut capers in the pine tree and thanked the jellyfish for his trouble.']","['What did the jellyfish do with the monkey?', ""What happened as a result of the monkey's actions on the island?""]","['took him back to the island', 'The monkey cut capers in the pine tree and thanked the jellyfish for his trouble.']","['action', 'outcome resolution']"
"the jelly fish wondered at this speech and the mocking tone in which it was uttered . then he asked the monkey if it was n't his intention to come with him at once after getting his liver . the monkey replied laughingly that he could n't afford to lose his liver : it was too precious . "" but remember your promise ! "" pleaded the jelly fish , now very discouraged . "" that promise was false , and anyhow it is now broken ! "" answered the monkey . then he began to jeer at the jelly fish and told him that he had been deceiving him the whole time ; that he had no wish to lose his life , which he certainly would have done had he gone on to the sea king 's palace to the old doctor waiting for him , instead of persuading the jelly fish to return under false pretenses .","[""The monkey pretended to agree to go with the jellyfish to the sea king's palace."", 'The monkey revealed that he had no intention of going to the palace and was actually deceiving the jellyfish all along.']","['What did the monkey pretend to do?', 'Was the monkey deceiving the jellyfish?']","[""agree to go with the jellyfish to the sea king's palace"", 'Yes']","['action', 'action']"
"the king , to avoid the misfortune foretold by the old fairy , caused immediately proclamation to be made , whereby everybody was forbidden , on pain of death , to spin with a distaff and spindle , or to have so much as any spindle in their houses . about fifteen or sixteen years after , the king and queen being gone to one of their houses of pleasure , the young princess happened one day to divert herself in running up and down the palace ; when going up from one apartment to another , she came into a little room on the top of the tower , where a good old woman , alone , was spinning with her spindle . this good woman had never heard of the king 's proclamation against spindles .","['The king made a proclamation to forbid spinning with a distaff and spindle due to a misfortune foretold by the old fairy.', ""A good old woman was unaware of the king's proclamation and continued to spin with her spindle in a palace room.""]","['Why did the king make a proclamation to forbid spinning with a distaff and spindle?', 'What was the old woman doing in the palace room?']","['a misfortune foretold by the old fairy', 'She was spinning with her spindle.']","['causal relationship', 'character']"
"the king danced again with the beautiful maiden , and thought she had never looked so beautiful . and while he was dancing , he put a gold ring on her finger without her seeing it , and he commanded that the dance should last longer than usual . when it was finished he wanted to keep her hands in his , but she broke from him , and sprang so quickly away among the people that she vanished from his sight . she ran as fast as she could to her little room under the stairs , but because she had stayed too long beyond the half - hour , she could not stop to take off the beautiful dress , but only threw the fur cloak over it , and in her haste she did not make herself quite black with the soot , one finger remaining white .","['The king danced with the beautiful maiden and put a gold ring on her finger.', ""The maiden broke free from the king's grasp and ran away among the people."", ""She quickly changed into a disguise, throwing a fur cloak over her dress, but didn't have time to fully cover herself in soot.""]","[""What did the king put on the maiden's finger?"", 'What did the maiden do to escape the king?', 'What action did she take first when changing into a disguise?']","['a gold ring', 'She broke free.', 'She quickly changed into a disguise.']","['action', 'action', 'action']"
"the king did as the north wind told him . he stationed himself on the steps ; and when the north wind came roaring and rushing up , and laid hold of the castle walls till they fairly shook , the prince came out to see what it was all about . but that very moment the king seized him by the collar , and threw him out , and the north wind took him and carried him off . when he had borne him away , the king went into the castle . at first the queen did not recognize him , for he had grown thin and pale because he had wandered so long in his great distress ; but when he showed her the ring , she grew glad at heart , and then they had a wedding which was such a wedding that the news of it spread far and wide .","['The king followed the instructions of the north wind and threw the prince out of the castle.', 'The queen recognized her husband when he showed her the ring.', 'The king and queen had a grand wedding that spread far and wide.']","['What did the king do to the prince?', 'What did the husband show to the queen?', 'What did the king do at his wedding?']","['threw the prince out of the castle', 'The ring', 'He had it.']","['action', 'action', 'action']"
"the man was invisible , for what he had found was a huldre hat . "" what are you talking about ? ca n't you see me ? have you lost your wits ? "" asked the man . "" there is an old hair strainer for you . i found it outside on the ground , "" said he , and he threw it on the bench . and then his wife saw him ; but at the same moment the hat of the huldres disappeared , for he should only have loaned it , not given it away . now the man saw how everything had come about , and went back to the wedding - feast . and this time he was received in right friendly fashion , and was asked to drink , and to seat himself at the table .","['The man wore a Huldre hat that made him invisible.', 'He threw an old hair strainer on the bench, thinking it was for his wife.', 'His wife saw him at the same moment the hat disappeared.', 'The man returned to the wedding feast and was received warmly.']","['What did the man wear?', 'Why did he throw the hair strainer on the bench?', 'Who witnessed the disappearance of the hat?', ""What was the outcome of the man's return to the wedding feast?""]","['A Huldre hat', 'Because he thought it was for his wife.', 'His wife', 'He was received warmly.']","['action', 'causal relationship', 'character', 'outcome resolution']"
"the many - furred creature now ran into the kitchen , cooked the king 's bread - soup , and when the cook had gone , she laid the gold reel in the dish . when the king found the reel at the bottom , he had the many - furred creature brought to him , and then he saw the white finger , and the ring which he had put on her hand in the dance . then he took her hand and held her tightly , and as she was trying to get away , she undid the fur - cloak a little bit and the star - dress shone out . the king seized the cloak and tore it off her . her golden hair came down , and she stood there in her full splendour , and could not hide herself away any more . and when the soot and ashes had been washed from her face , she looked more beautiful than anyone in the world . but the king said , ' you are my dear bride , and we will never be separated from one another . ' so the wedding was celebrated and they lived happily ever after .","[""The many-furred creature cooked the king's bread-soup and hid a gold reel in the dish."", 'The king discovered the gold reel and had the creature brought to him, revealing her true form as a beautiful woman with golden hair and a star-dress.', 'The king washed away the soot and ashes from her face, revealing her full beauty, and declared that she was his dear bride.', 'They got married and lived happily ever after.']","[""Who cooked the king's bread-soup?"", 'What did the king do with the creature after discovering the gold reel?', 'Who did the king declare as his dear bride?', 'What was the result of their marriage?']","['The many-furred creature.', 'He had her brought to him.', 'She', 'They lived happily ever after.']","['action', 'action', 'action', 'outcome resolution']"
"the monkey grew more and more curious and suspicious , and urged the jelly fish to tell him for what his liver was wanted , and ended up by appealing to his hearer 's feelings by saying that he was very troubled at what he had been told . then the jelly fish , seeing how anxious the monkey looked , was sorry for him , and told him everything . how the dragon queen had fallen ill , and how the doctor had said that only the liver of a live monkey would cure her , and how the dragon king had sent him to find one . "" now i have done as i was told , and as soon as we arrive at the palace the doctor will want your liver , so i feel sorry for you ! "" said the silly jelly fish . the poor monkey was horrified when he learnt all this , and very angry at the trick played upon him . he trembled with fear at the thought of what was in store for him . but the monkey was a clever animal , and he thought it the wisest plan not to show any sign of the fear he felt , so he tried to calm himself and to think of some way by which he might escape .","['The monkey became suspicious and asked the jellyfish about the reason for taking his liver.', ""The jellyfish told the monkey that the dragon queen was ill and only a live monkey's liver could cure her."", 'The monkey was horrified and angry at being tricked, but tried to remain calm and think of an escape plan.']","['What happened to the monkey after his liver was taken?', 'What did the jellyfish tell the monkey?', 'What did the monkey try to do after being tricked?']","['His liver was taken.', ""That the dragon queen was ill and only a live monkey's liver could cure her."", 'think of an escape plan']","['outcome resolution', 'action', 'action']"
"the old fairy 's turn coming next , with a head shaking more with spite than age , she said that the princess should have her hand pierced with a spindle and die of the wound . this terrible gift made the whole company tremble , and everybody fell a - crying . at this very instant the young fairy came out from behind the hangings , and spake these words aloud : "" assure yourselves , o king and queen , that your daughter shall not die of this disaster . it is true , i have no power to undo entirely what my elder has done . the princess shall indeed pierce her hand with a spindle ; but , instead of dying , she shall only fall into a profound sleep , which shall last a hundred years , at the expiration of which a king 's son shall come and awake her . ""","['The old fairy suggested that the princess should die from piercing her hand with a spindle.', 'The young fairy intervened and said that instead of dying, the princess would fall into a deep sleep lasting 100 years.', ""A king's son will come and wake up the princess at the end of the 100-year sleep.""]","['What did the old fairy suggest the princess should do?', 'What will happen to the princess?', 'Who will wake up the princess at the end of her 100-year sleep?']","['Die from piercing her hand with a spindle.', 'She will fall into a deep sleep lasting 100 years.', ""A king's son""]","['action', 'outcome resolution', 'character']"
"the old man had not gone far on his way down the mountain pass when the sky clouded and rain began to fall heavily . he looked about for some shelter , but there was not even a charcoal - burner 's hut near . at last he espied a large hole in the hollow trunk of a tree . the hole was near the ground , so he crept in easily , and sat down in hopes that he had only been overtaken by a mountain shower , and that the weather would soon clear .","['The sky clouded and heavy rain began to fall.', 'The old man found a large hole in the hollow trunk of a tree for shelter.']","['What happens next in the weather?', 'Where did the old man find shelter?']","['Heavy rain begins to fall.', 'A tree']","['outcome resolution', 'setting']"
"the old man thanked him very humbly : "" i did not expect such kindness from your lordship . i fear i have only disturbed your pleasant party by my unskillful dancing . "" "" no , no , "" answered the big demon . "" you must come often and dance for us . your skill has given us much pleasure . "" the old man thanked him again and promised to do so . "" then will you come again to - morrow , old man ? "" asked the demon . "" certainly , i will , "" answered the old man . "" then you must leave some pledge of your word with us , "" said the demon . "" whatever you like , "" said the old man . "" now what is the best thing he can leave with us as a pledge ? "" asked the demon , looking round .","[""The big demon was pleased with the old man's dancing and invited him to come back."", 'The demon asked the old man to leave a pledge of his word as a guarantee that he would return.']","['What action did the big demon take towards the old man?', 'What did the demon ask the old man to do?']","['Invited him to come back.', 'leave a pledge of his word']","['action', 'action']"
"the old man was lost in bewilderment by all that had happened . he hardly knew for some time where he was . when he came to understand what had happened to him , he was delighted to find that the lump on his face , which had for so many years disfigured him , had really been taken away without any pain to himself . he put up his hand to feel if any scar remained , but found that his right cheek was as smooth as his left .","['The old man was confused about what had happened to him.', 'He discovered that the lump on his face had been removed without any pain.']","['What happened to him?', 'What was done to the lump on his face?']","['what had happened to him (This is explicitly present in the original sentence.)', 'It was removed.']","['action', 'action']"
"the smoke and the heat nearly killed the eavesdropper in the loft , and in order to catch his breath and get some fresh air , he tried to crawl out of the look - out in the roof ; yet he was of much heavier build than his brother , stuck fast and could move neither in nor out . then he grew frightened and began to scream ; but the goblins screamed much louder , and roared and howled , and thumped and clamored inside and outside the hut . but when the cock crowed they disappeared , and john nicholas freed himself , too . yet when he returned home from his trip , he had lost his reason , and after that the same cold , sinister screams which are the mark of the troll in the northland , might often be heard sounding from store - rooms and lofts where he happened to be . before his death , however , his reason returned , and he was buried in consecrated ground , as they say . but after that time no human foot ever trod the sand - banks again . they sank , and the meer - folk , it is believed , went to the lekang islands . andrew 's luck held good ; no ship made more successful trips than his own ; but whenever he came to the lekang islands he lay becalmed -- the goblins went aboard or ashore with their goods -- but after a time he had fair winds , whether he happened to want to go to bergen , or sail home . he had many children , and all of them were bright and vigorous , yet every one of them lacked the upper joint of the little finger of his left hand .","['The eavesdropper got stuck in the loft while trying to escape from the goblins.', 'The goblins disappeared when the cock crowed, and the eavesdropper was freed.', ""John Nicholas lost his reason after being exposed to the goblins' screams, but regained it before he died."", ""Andrew's ships were successful, except when they visited the Lekang Islands, where the goblins would steal their goods."", ""All of Andrew's children were born without the upper joint of the little finger on their left hand.""]","['What happened to the eavesdropper while trying to escape from the goblins?', 'What happened as a result of the cock crowing?', 'Did John Nicholas regain his reason before he died?', ""What happened when Andrew's ships visited the Lekang Islands?"", ""What is unique about the hands of Andrew's children?""]","['The eavesdropper got stuck in the loft.', 'The goblins disappeared and the eavesdropper was freed.', 'Yes', 'The goblins stole their goods.', 'They were born without the upper joint of the little finger on their left hand.']","['outcome resolution', 'outcome resolution', 'outcome resolution', 'outcome resolution', 'character']"
"the sun had long set , and the young moon had risen like a silver crescent in the sky . the old man suddenly realized how late it was and began to hurry home . he patted his right cheek all the time , as if to make sure of his good fortune in having lost the wen . he was so happy that he found it impossible to walk quietly -- he ran and danced the whole way home .","['The old man realized it was late and began to hurry home.', 'The old man had lost the wen on his cheek, which made him extremely happy.']","['What did the old man do?', 'Why did the loss of his wen make him extremely happy?']","['He began to hurry home.', 'the loss of his wen']","['action', 'causal relationship']"
"the third sister was very kind , but had no counsel to give him , so he ate and drank and waited till her son came home , after he had sent all the birds to sleep . he thought a long while after his mother had told him the young man 's story , and at last he said that he was hungry , and the cow must be killed , as he wanted some supper . so the cow was killed and the meat cooked , and a bag made of its red skin . ' now get into the bag , ' bade the son , and the young man got in and took his gun with him , but the dog and the falcon he left outside . the keeper of the birds drew the string at the top of the bag , and left it to finish his supper , when in flew an eagle through the open door , and picked the bag up in her claws and carried it through the air to an island . there was nothing to eat on the island , and the fisher 's son thought he would die of food , when he remembered the box that the lady had put in his pocket . he opened the lid , and three tiny little birds flew out , and flapping their wings they asked , ' good master , is there anything we can do for thee ? '","['The young man was put into a bag with a gun and left outside to finish his supper.', 'An eagle picked up the bag and carried it to an island where there was no food.', 'The young man remembered the box in his pocket that contained three tiny birds who offered to help him.']","['What was put into a bag with a gun?', 'What happened to the bag after it was carried to the island?', 'What did the young man remember?']","['A young man.', 'There was no food on the island.', 'the box in his pocket that contained three tiny birds who offered to help him']","['action', 'outcome resolution', 'action']"
"the walk took some time , for it was very dark , and her shoes often stuck in the mud , but she was brave as well as beautiful and never thought of turning back merely because the path was both difficult and unpleasant . at last , with her dress torn by brambles that she could not see , and her fact scratched by the twigs on the trees , she reached the spot where she and her father had been cutting in the morning , and found the axe in the place he had left it . to her surprise , three little doves were sitting on the handle , all of them looking very sad .","['She walked through the dark forest, braving the mud and thorns.', 'She found the axe where her father had left it.', 'Three little doves were sitting on the handle of the axe, looking sad.']","['What did she walk through?', 'Where did she find the axe?', 'What were the three little doves doing?']","['the dark forest', 'where her father had left it', 'They were sitting on the handle of the axe, looking sad.']","['action', 'setting', 'character']"
"the widow woman almost cried aloud for joy , for now she had learned the fairy 's secret , and her child was safe . but she dare not , in case the wicked old dame heard her and threw some other spell over her . so she crept softly back to the place where she had left her child ; then , catching him up in her arms , she ran through the wood to her house , laughing , and singing , and tossing him in the air in such a state of delight that , if anyone had met her , they would have been in danger of thinking that she was mad . now this young woman had been a merry - hearted maiden , and would have been merry - hearted still , if , since her marriage , she had not had so much trouble that it had made her grow old and sober - minded before her time ; and she began to think what fun it would be to tease the fairy for a few minutes before she let her know that she had found out her name .","[""The widow woman discovered the fairy's secret, ensuring her child's safety."", 'She cautiously returned home with her child, laughing and singing in joy.', 'She began to think of teasing the fairy before revealing her knowledge.']","[""What was the result of the widow woman discovering the fairy's secret?"", 'What did she do when returning home?', 'What did she begin to think of doing before revealing her knowledge?']","[""The child's safety was ensured."", 'She laughed and sang.', 'teasing the fairy']","['outcome resolution', 'action', 'action']"
"then dullhead fell to at once to hew down the tree , and when it fell he found amongst its roots a goose , whose feathers were all of pure gold . he lifted it out , carried it off , and took it with him to an inn where he meant to spend the night . now the landlord of the inn had three daughters , and when they saw the goose they were filled with curiosity as to what this wonderful bird could be , and each longed to have one of its golden feathers . the eldest thought to herself : ' no doubt i shall soon find a good opportunity to pluck out one of its feathers , ' and the first time dullhead happened to leave the room she caught hold of the goose by its wing . but , lo and behold ! her fingers seemed to stick fast to the goose , and she could not take her hand away .","['Dullhead found a golden goose among the roots of a tree he had cut down.', ""The eldest daughter of the inn's landlord tried to pluck one of the goose's feathers but her fingers stuck fast to it.""]","['What did Dullhead do?', ""What happened to the eldest daughter's fingers after they stuck to the goose's feather?""]","['He cut down a tree.', 'Her fingers stuck fast to it.']","['action', 'outcome resolution']"
"then he awoke , and the dark lad told him what had befallen him , and he was very grieved . but the dark lad did not tell him of the name that was written underneath his arm . on the following morning the fisher 's son again went to the church , determined that he would not go to sleep , whatever happened . but in his hurry to enter he touched with his hand the spike of hurt , and sank down where he stood , wrapped in slumber . a second time the air was filled with music , and the lady came in , stepping softly , but though she laid his head on her knee , and combed his hair with a golden comb , his eyes opened not . then she burst into tears , and placing a beautifully wrought box in his pocket she went her way . the next day the same thing befell the fisher 's son , and this time the lady wept more bitterly than before , for she said it was the last chance , and she would never be allowed to come any more , for home she must go .","[""The dark lad told the fisher's son what had befallen him, but not the name written underneath his arm."", ""The fisher's son fell asleep again in church, despite trying to stay awake."", ""A mysterious lady came and tried to wake him up with music and a golden comb, but he didn't wake up."", 'The lady wept and left a beautifully wrought box in his pocket, saying it was her last chance to visit him.']","[""What did the dark lad tell the fisher's son?"", ""Did the fisher's son succeed in staying awake during the service?"", 'Who tried to wake him up with music and a golden comb?', 'What did the lady leave in his pocket?']","['what had befallen him', 'No, he fell asleep again.', 'A mysterious lady', 'a beautifully wrought box']","['action', 'outcome resolution', 'character', 'action']"
"then ian was killed a second time , and after the rest of the robbers had eaten , they lay down and slept till morning . no sooner were their faces touched with the sun 's rays than they were up and off . then the deer entered and dropped the healing wax on the dead man , and he was as well as ever . by this time he did not mind what befell him , so sure was he that the deer would take care of him , and in the evening that which had happened before happened again -- the four robbers were put to death and the fisher 's son also , but because there was no food left for them to eat , they were nearly mad with rage , and began to quarrel . from quarrelling they went on to fighting , and fought so hard that by and bye they were all stretched dead on the floor . then the deer entered , and the fisher 's son was restored to life , and bidding him follow her , she ran on to a little white cottage where dwelt an old woman and her son , who was thin and dark .","['Ian was killed the first time by robbers.', 'The deer used its healing wax to revive Ian and kill the robbers.', 'The robbers were killed again in a fight among themselves.', ""The fisher's son was also revived by the deer's healing wax.""]","['Who killed Ian the first time?', 'What did the deer use to revive Ian?', 'What happened as a result of the fight among the robbers?', ""Who revived the fisher's son?""]","['robbers', 'healing wax', 'The robbers were killed again.', ""The deer's healing wax revived the fisher's son.""]","['action', 'action', 'outcome resolution', 'action']"
"then it was that a large man stepped up to him and said : "" do not grieve so . i can tell you what you ought to do . when the mowing begins , just call out ' old hopgiant ! ' three times in succession , and you 'll not be at a loss , as you shall see for yourself . "" and with that he disappeared .","['A large man appeared and offered to help the king.', ""The man told the king to call out 'Old Hopgiant!' three times when the mowing begins.""]","['Who offered to help the king?', 'What does the king have to do when the mowing begins?']","['A large man', ""Call out 'Old Hopgiant!' three times""]","['character', 'action']"
"then ryn jin showed his friend how to use the talismans one by one and handed them to him . the happy hunter was very glad to have these two wonderful gems , the jewel of the flood tide and the jewel of the ebbing tide , to take back with him , for he felt that they would preserve him in case of danger from enemies at any time . after thanking his kind host again and again , he prepared to depart . the sea king and the two princesses , tayotama and tamayori , and all the inmates of the palace , came out to say "" good - by , "" and before the sound of the last farewell had died away the happy hunter passed out from under the gateway , past the well of happy memory standing in the shade of the great katsura trees on his way to the beach .","['Ryn Jin showed his friend how to use the talismans and handed them over.', 'The happy hunter felt grateful for the talismans and prepared to depart.', 'The sea king, princesses, and palace inmates bid farewell to the happy hunter as he left.']","['Who did Ryn Jin hand the talismans to?', 'What does the happy hunter feel?', 'Who bid farewell to the happy hunter?']","['his friend', 'Gratitude', 'The sea king, princesses, and palace inmates.']","['action', 'feeling', 'action']"
"then the doctor told the dragon king that some distance to the south there was a monkey island where a great many monkeys lived . "" if only you could capture one of these monkeys ? "" said the doctor . "" how can any of my people capture a monkey ? "" said the dragon king , greatly puzzled . "" the monkeys live on dry land , while we live in the water ; and out of our element we are quite powerless ! i do n't see what we can do ! "" "" that has been my difficulty too , "" said the doctor . "" but amongst your innumerable servants you surely can find one who can go on shore for that express purpose ! "" "" something must be done , "" said the king , and calling his chief steward he consulted him on the matter .","['The doctor tells the Dragon King about a Monkey Island where many monkeys live.', 'The Dragon King is puzzled as to how his people can capture a monkey since they are powerless on dry land.', ""The Doctor suggests finding someone among the dragon king's servants who can go on shore to capture a monkey.""]","['What does the doctor tell the Dragon King about?', ""How can the Dragon King's people capture a monkey?"", 'Who does the Doctor suggest capturing a monkey?']","['Monkey Island where many monkeys live.', 'They cannot capture a monkey on dry land.', 'a monkey']","['action', 'action', 'action']"
"then the dragon king interviewed the doctor and blamed him for not curing the queen . the doctor was alarmed at rin jin 's evident displeasure , and excused his want of skill by saying that although he knew the right kind of medicine to give the invalid , it was impossible to find it in the sea . "" do you mean to tell me that you ca n't get the medicine here ? "" asked the dragon king . "" it is just as you say ! "" said the doctor . "" tell me what it is you want for the queen ? "" demanded rin jin . "" i want the liver of a live monkey ! "" answered the doctor . "" the liver of a live monkey ! of course that will be most difficult to get , "" said the king . "" if we could only get that for the queen , her majesty would soon recover , "" said the doctor . "" very well , that decides it ; we must get it somehow or other . but where are we most likely to find a monkey ? "" asked the king .","[""The doctor told the dragon king that he couldn't find the right medicine in the sea."", 'The doctor said he needed the liver of a live monkey to cure the queen.', 'The dragon king decided to get the liver somehow or other.']","[""What did the doctor tell the dragon king he couldn't find?"", 'What did the doctor say he needed to cure the queen?', 'How did the dragon king decide to get the liver?']","['the right medicine', 'the liver of a live monkey', 'get the liver somehow or other']","['action', 'action', 'action']"
"then the king thanked him , and did as he said . "" why do you stand there fighting till the end of time ? "" said he to the brothers . "" let me test your possessions if i am to decide your quarrel . "" that suited them ; but when he had hat , cloak and boots , he told them : "" i will give you my decision the next time we meet ! "" and with that he wished himself far away . while he was flying through the air he happened to meet the north wind . "" and where are you going ? "" asked the north wind . "" to whiteland , "" said the king , and then he told him what had happened to him . "" well , "" said the north wind , "" you are traveling a little quicker than i am ; for i must sweep and blow out every corner . but when you come to your journey 's end , stand on the steps beside the door , and then i 'll tt . and when the prince who is to have the queen comes and looks out to see what it all means , i 'll just take him along with me . ""","[""The king decided to test the brothers' possessions before making a judgment."", 'The king met the north wind on his journey and asked for its help.', 'The north wind agreed to take the prince who is to have the queen with him when he arrives.']","['What did the king decide to do before making a judgment?', 'Who met the north wind on their journey?', 'Who will the north wind take with him when he arrives?']","[""test the brothers' possessions"", 'The king.', 'the prince who is to have the queen']","['action', 'character', 'action']"
"then the prince said to her , ' you can hardly walk ; i will put you on my horse and lead you home . where do you live ? ' ' over there , at the edge of the forest in the little hut you see in the distance , ' replied the old woman . the prince lifted her on to his horse , and soon they reached the hut , where the old woman got down , and turning to the prince said , ' just wait a moment , and i will give you something . ' and she disappeared into her hut , but returned very soon and said , ' you are a mighty prince , but at the same time you have a kind heart , which deserves to be rewarded . would you like to have the most beautiful woman in the world for your wife ? ' ' most certainly i would , ' replied the prince .","['The prince offered to help the old woman walk home.', 'The old woman disappeared into her hut and returned with an offer for the prince.', 'The old woman offered the prince the most beautiful woman in the world as his wife.']","['What did the prince offer to do?', 'What did the old woman return with?', 'Who did the old woman offer as her wife?']","['help the old woman walk home', 'an offer', 'the most beautiful woman in the world']","['action', 'action', 'action']"
"then the son found he had forgotten his handkerchief , and went down to the boat to get it . but no sooner was he in the boat than it moved off with a rush , and no matter how hard the youth worked against it with the oars , it was all in vain . the boat drove on and on , all night long , and at last he came to a white strand , far , far away . he stepped ashore , and after he had gone a while he met an old man with a great , white beard . "" what is this country called ? "" asked the youth . "" whiteland , "" was the man 's answer , and he asked the youth where he came from , and what he wanted , and the latter told him . "" if you keep right on along the shore , "" said the man , "" you will come to three princesses , buried in the earth so that only their heads show . then the first will call you -- and she is the oldest -- and beg you very hard to come to her and help her ; and the next will do the same ; but you must go to neither of them ; walk quickly past them , and act as though you neither saw nor heard them . but go up to the third , and do what she asks of you , for then you will make your fortune . ""","[""The youth's boat moved off with a rush and took him to a white strand far away."", 'He met an old man with a great white beard who gave him advice on how to make his fortune.', 'The old man told the youth to ignore the first two princesses buried in the earth, but to help the third one.']","['Where did the youth end up after his boat took off?', 'What was the appearance of the old man who gave advice to the protagonist?', 'What did the old man tell the youth to do regarding the first two princesses?']","['a white strand far away', 'An old man with a great white beard', 'Ignore them']","['outcome resolution', 'character', 'action']"
"then the young king grew very sad , and went about day in , day out , with no other thought than getting back to his queen . "" i must try and see whether i can not find out where whiteland is , "" thought he , and wandered forth into the wide world . after he had gone a while he came to a hill ; and there he met one who was the lord of all the beasts of the forest -- for they came when he blew his horn -- and him the king asked where whiteland was . "" that i do not know , "" said he , "" but i will ask my beasts . "" then he called them up with his horn , and asked whether any of them knew where whiteland might be ; but none of them knew anything about it . then the man gave him a pair of snowshoes . "" if you stand in them , "" said he , "" you will come to my brother , who lives a hundred miles further on . he is the lord of the birds of the air . ask him . when you have found him , turn the snowshoes around so that they point this way , and they will come back home of their own accord . "" when the king got there , he turned the snowshoes around , as the lord of the beasts had told him , and they ran home again . he asked about whiteland , and the man called up all the birds with his horn , and asked whether any of them knew where whiteland might be . but none of them knew . long after the rest an old eagle came along ; and he had been out for some ten years , but did not know either .","['The young king left the castle to search for Whiteland.', 'He met the lord of all beasts in the forest and asked about Whiteland, but none of them knew anything about it.', 'The lord of the beasts gave him a pair of snowshoes that would lead him to his brother, who is the lord of the birds of the air.', ""The king traveled 100 miles further on and met the lord of the birds, but they also didn't know where Whiteland was."", ""An old eagle finally arrived after many years, but he too didn't know anything about Whiteland.""]","['Why did the young king leave the castle?', 'What was the outcome of asking about Whiteland?', 'Who gave him a pair of snowshoes?', 'What did the king and the lord of the birds learn from their meeting?', 'What did the old eagle know about Whiteland?']","['to search for Whiteland', 'None of them knew anything about it.', 'The lord of the beasts', 'Nothing', 'Nothing.']","['causal relationship', 'outcome resolution', 'action', 'outcome resolution', 'character']"
"there was much gladness between the sea king and the happy hunter , and they sat and talked for a long time . at last the sea king clapped his hands , and then a huge retinue of fishes appeared , all robed in ceremonial garments , and bearing in their fins various trays on which all kinds of sea delicacies were served . a great feast was now spread before the king and his royal guest . all the fishes - in - waiting were chosen from amongst the finest fish in the sea , so you can imagine what a wonderful array of sea creatures it was that waited upon the happy hunter that day . all in the palace tried to do their best to please him and to show him that he was a much honored guest . during the long repast , which lasted for hours , ryn jin commanded his daughters to play some music , and the two princesses came in and performed on the koto ( the japanese harp ) , and sang and danced in turns . the time passed so pleasantly that the happy hunter seemed to forget his trouble and why he had come at all to the sea king 's realm , and he gave himself up to the enjoyment of this wonderful place , the land of fairy fishes ! who has ever heard of such a marvelous place ? but the mikoto soon remembered what had brought him to ryn gu , and said to his host :","['The Sea King hosted a grand feast for the Happy Hunter, with a retinue of fishes serving as waiters.', 'The princesses performed on the koto and sang and danced in turns during the feast.']","['Who hosted a grand feast for the Happy Hunter?', 'What did the princesses do during the feast?']","['The Sea King', 'They performed on the koto and sang and danced in turns.']","['action', 'action']"
"there was once a fisherman who was called salmon , and his christian name was matte . he lived by the shore of the big sea ; where else could he live ? he had a wife called maie ; could you find a better name for her ? in winter they dwelt in a little cottage by the shore , but in spring they flitted to a red rock out in the sea and stayed there the whole summer until it was autumn . the cottage on the rock was even smaller than the other ; it had a wooden bolt instead of an iron lock to the door , a stone hearth , a flagstaff , and a weather - cock on the roof . the rock was called ahtola , and was not larger than the market - place of a town . between the crevices there grew a little rowan tree and four alder bushes . heaven only knows how they ever came there ; perhaps they were brought by the winter storms . besides that , there flourished some tufts of velvety grass , some scattered reeds , two plants of the yellow herb called tansy , four of a red flower , and a pretty white one ; but the treasures of the rock consisted of three roots of garlic , which maie had put in a cleft . rock walls sheltered them on the north side , and the sun shone on them on the south . this does not seem much , but it sufficed maie for a herb plot .","['The fisherman Matte and his wife Maie lived in a small cottage by the shore during winter.', 'In spring, they moved to a red rock out in the sea called Ahtola, where they stayed until autumn.']",['Where did Matte and his wife Maie live during winter?'],['A small cottage by the shore.'],['setting']
"there was once a man who had three sons . the youngest of them was called dullhead , and was sneered and jeered at and snubbed on every possible opportunity . one day it happened that the eldest son wished to go into the forest to cut wood , and before he started his mother gave him a fine rich cake and a bottle of wine , so that he might be sure not to suffer from hunger or thirst . when he reached the forest he met a little old grey man who wished him ' good - morning , ' and said : ' do give me a piece of that cake you have got in your pocket , and let me have a draught of your wine - i am so hungry and thirsty . '","[""The eldest son's mother gave him a cake and wine before he went into the forest."", 'The eldest son met an old man in the forest who asked for some of his cake and wine.']","[""What did the eldest son's mother give him before he went into the forest?"", ""Who asked for some of the eldest son's cake and wine?""]","['A cake and wine', 'The old man.']","['action', 'character']"
"they filled it completely and more , and still more of them came in . then the walls began to crack , and the little hut spread out at all corners , and grew so splendid and magnificent that the wealthiest merchant could not have had its equal ; it was almost like being in a royal castle . tables were covered with the most exquisite silver and gold . when they had eaten they began to dance . under cover of the noise , andrew crept to the look - out at the side of the roof , and climbed down . then he ran to the schooner , threw his flint - stone over it , and in order to make certain , cut a cross into it with his sharp - cutting knife . when he came back again , the dance was in full swing . the tables were dancing and the benches and chairs -- everything else in the room was dancing , too . the only one who did not dance was the bride ; she only sat there and looked on , and when the bridegroom came to fetch her , she sent him away . for the moment there was no thought of stopping .","['A small hut was transformed into a magnificent castle with tables covered in silver and gold.', 'The guests began to dance, and under cover of the noise, Andrew snuck away to sabotage the ship.', ""Andrew cut a cross into the ship's hull to make certain it would be damaged."", 'The bride refused to join in the dancing and sent her groom away.']","['What was done to transform the small hut?', 'What did Andrew do under cover of the noise?', ""Why did Andrew cut a cross into the ship's hull?"", 'What did the bride refuse to do?']","['A small hut was transformed.', 'Sabotage the ship.', 'to make certain it would be damaged', 'join in the dancing']","['action', 'action', 'causal relationship', 'action']"
"they opened the casement , and with a hoarse croak the creature let the packet drop on to the floor ; then it flapped its great wings and rose slowly into the air again its head turned in the direction of hoy . with fingers that trembled with excitement they broke the seals and undid the packet . it contained a piece of the most beautiful material that anyone could possibly imagine , woven in all the colours of the rainbow , and sparkling with gold and jewels . "" twill make a bonnie waistcoat , "" exclaimed countess fraukirk , with an unholy laugh . "" the silent earl will be a braw man when he gets it on . "" then , without more ado , they set to work to cut out and sew the garment . all that night they worked , and all next day , till , late in the afternoon , when they were putting in the last stitches , hurried footsteps were heard ascending the winding staircase , and earl harold burst open the door .","['A mysterious creature dropped a packet containing beautiful material on the floor.', 'The Countess and her companions worked all night and next day to sew a waistcoat from the material.', 'Earl Harold burst into the room, interrupting their work.']","['What did the mysterious creature drop?', 'What did the Countess and her companions do all night and next day?', 'Who burst into the room?']","['a packet containing beautiful material', 'They sewed a waistcoat from the material.', 'Earl Harold']","['action', 'action', 'character']"
"they went into the great hall of looking - glasses , where they supped , and were served by the princess 's officers , the violins and hautboys played old tunes , but very excellent , though it was now above a hundred years since they had played ; and after supper , without losing any time , the lord almoner married them in the chapel of the castle , and the chief lady of honor drew the curtains . they had but very little sleep - the princess had no occasion ; and the prince left her next morning to return to the city , where his father must needs have been in pain for him . the prince told him : that he lost his way in the forest as he was hunting , and that he had lain in the cottage of a charcoal - burner , who gave him cheese and brown bread . the king , his father , who was a good man , believed him ; but his mother could not be persuaded it was true ; and seeing that he went almost every day a - hunting , and that he always had some excuse ready for so doing , though he had lain out three or four nights together , she began to suspect that he was married , for he lived with the princess above two whole years , and had by her two children , the eldest of which , who was a daughter , was named morning , and the youngest , who was a son , they called day , because he was a great deal handsomer and more beautiful than his sister .","['The prince and princess got married in secret, with the lord almoner performing the ceremony.', ""The king believed his son's excuse about getting lost in the forest, but the queen suspected that he was actually living with the princess."", 'The prince and princess had two children together, a daughter named Morning and a son named Day.']","['Who performed the ceremony?', 'Did the queen suspect something?', 'Who are the children of the prince and princess?']","['the lord almoner', 'Yes, she suspected that he was actually living with the princess.', 'Morning and Day']","['action', 'action', 'character']"
"thus they went along , the jelly fish skimming through the waves with the monkey sitting on his back . when they were about half - way , the jelly fish , who knew very little of anatomy , began to wonder if the monkey had his liver with him or not ! "" mr . monkey , tell me , have you such a thing as a liver with you ? "" the monkey was very much surprised at this queer question , and asked what the jelly fish wanted with a liver . "" that is the most important thing of all , "" said the stupid jelly fish , "" so as soon as i recollected it , i asked you if you had yours with you ? "" "" why is my liver so important to you ? "" asked the monkey . "" oh ! you will learn the reason later , "" said the jelly fish .","['A monkey is riding on the back of a jellyfish as they travel through the waves.', 'The jellyfish asks the monkey if he has his liver with him, which surprises and puzzles the monkey.']","['What are the monkey and the jellyfish doing?', 'What does the jellyfish ask the monkey?']","['They are traveling through the waves.', 'He asks if the monkey has his liver with him.']","['action', 'action']"
"two years passed , and the youth no longer thought of any danger . hence , when the flowers began to bloom in the spring , rose - red went driving in a small wagon outside the city , near the river . and there one of the prince 's servants saw her , and informed his master . the latter sent for the youth , who , since he could not conceal the matter , told him the whole story exactly as it had happened . said the prince : "" the whole blame rests on rose - red . i do not reproach you . yet since she is now your wife i will let the whole matter rest . but molo will have to suffer for it ! ""","[""Rose-Red was seen by one of the prince's servants while driving a wagon outside the city."", 'The prince learned about the situation and called the youth to tell him the whole story.', 'The prince decided not to blame the youth, but instead blamed Molo for the incident.']","[""Who was seen by one of the prince's servants while driving a wagon outside the city?"", 'What did the prince do after learning about the situation?', 'Who did the prince blame for the incident?']","[""One of the prince's servants"", 'He called the youth to tell him the whole story.', 'Molo']","['character', 'action', 'action']"
"when he got to the forest , he too met the little grey old man , who greeted him and said : ' give me a piece of your cake and a draught from your bottle ; i am so hungry and thirsty . ' and dullhead replied : ' i 've only got a cinder - cake and some sour beer , but if you care to have that , let us sit down and eat . ' so they sat down , and when dullhead brought out his cake he found it had turned into a fine rich cake , and the sour beer into excellent wine . then they ate and drank , and when they had finished the little man said : ' now i will bring you luck , because you have a kind heart and are willing to share what you have with others . there stands an old tree ; cut it down , and amongst its roots you 'll find something . ' with that the little man took leave .","['The little grey old man asked dullhead for food and drink, but what he offered turned out to be much better than expected.', 'The little man gave dullhead advice on how to find something valuable by cutting down an old tree.']","['What turned out to be better than expected?', 'What did the little man advise dullhead to do?']","['what he offered', 'Cutting down an old tree.']","['outcome resolution', 'action']"
"when the dance was ended , the king had his soup brought to him and ate it , and it was so good that he thought he had never tasted such soup in his life . but when he came to the bottom of the dish he saw a gold ring lying there , and he could not imagine how it got in . then he commanded the cook to be brought before him . the cook was terrified when he heard the command , and said to the many - furred creature , ' you must have let a hair fall into the soup , and if you have you deserve a good beating ! ' when he came before the king , the king asked who had cooked the soup . the cook answered , ' i cooked it . ' but the king said , ' that 's not true , for it was quite different and much better soup than you have ever cooked . ' then the cook said , ' i must confess ; i did not cook the soup ; the many - furred creature did . ' ' let her be brought before me , ' said the king .","['The king found a gold ring at the bottom of his soup dish.', ""The cook denied cooking the soup, but the king knew it wasn't true."", 'The cook confessed that the many-furred creature had cooked the soup.']","['What did the king find at the bottom of his soup dish?', 'Who knew that the cook was cooking the soup?', 'Who cooked the soup?']","['a gold ring', 'The king.', 'The cook.']","['action', 'action', 'character']"
"when the flower queen heard that her daughter wanted to marry the prince , she said to him : ' i will give my consent to your marriage gladly , but my daughter can only stay with you in summer . in winter , when everything is dead and the ground covered with snow , she must come and live with me in my palace underground . ' the prince consented to this , and led his beautiful bride home , where the wedding was held with great pomp and magnificence . the young couple lived happily together till winter came , when the flower queen 's daughter departed and went home to her mother . in summer she returned to her husband , and their life of joy and happiness began again , and lasted till the approach of winter , when the flower queen 's daughter went back again to her mother . this coming and going continued all her life long , and in spite of it they always lived happily together .","['The Flower Queen agreed to let her daughter marry the Prince on the condition that she would have to live with her in the palace underground during winters.', ""The young couple lived happily together until winter came, and then the wife had to leave for her mother's palace."", 'In summer, the wife returned to her husband, and they continued their life of joy and happiness.']","[""What condition did the Flower Queen impose for her daughter's marriage?"", 'What happened to the wife when winter came?', 'What was the result of the wife returning to her husband?']","['She would have to live with her in the palace underground during winters.', ""She had to leave for her mother's palace."", 'They continued their life of joy and happiness.']","['action', 'outcome resolution', 'outcome resolution']"
"when the many - furred creature came , the king asked her who she was . ' i am a poor child without father or mother . ' then he asked her , ' what do you do in my palace ? ' ' i am of no use except to have boots thrown at my head . ' ' how did you get the ring which was in the soup ? ' he asked . ' i know nothing at all about the ring , ' she answered . so the king could find out nothing , and was obliged to send her away . after a time there was another feast , and the many - furred creature begged the cook as at the last one to let her go and look on . he answered , ' yes , but come back again in half - an - hour and cook the king the bread - soup that he likes so much . ' so she ran away to her little room , washed herself quickly , took out of the nut the dress as silver as the moon and put it on . then she went upstairs looking just like a king 's daughter , and the king came towards her , delighted to see her again , and as the dance had just begun , they danced together .","['The king questioned the many-furred creature about the ring, but she denied any knowledge of it.', 'The many-furred creature was able to escape and return to the palace, where she was able to attend a feast and dance with the king.']","['What did the king do?', 'What did the many-furred creature do after escaping?']","['questioned', 'escape and return to the palace']","['action', 'action']"
"when the sea king had finished speaking he turned to his two daughters and bade them bring him the two tide - jewels of the sea . the two princesses bowed low , rose and glided out of the hall . in a few minutes they returned , each one carrying in her hands a flashing gem which filled the room with light . as the happy hunter looked at them he wondered what they could be . the sea king took them from his daughters and said to his guest : "" these two valuable talismans we have inherited from our ancestors from time immemorial . we now give them to you as a parting gift in token of our great affection for you . these two gems are called the nanjiu and the kanjiu . ""","['The Sea King asked his daughters to bring him the two tide-jewels of the sea.', 'The princesses returned with the two gems, filling the room with light.', 'The Sea King gave the Happy Hunter the Nanjiu and Kanjiu as a parting gift.']","['What did the Sea King ask his daughters to do?', 'What did the princesses return with?', 'Who gave the Nanjiu and Kanjiu as a parting gift?']","['Bring him the two tide-jewels of the sea.', 'the two gems', 'The Sea King']","['action', 'action', 'action']"
"when the second old man heard these words he ran out of his hiding - place in the tree and , kneeling down before the oni , said : "" i have been waiting for a long time for you to speak ! "" "" ah , you are the old man of yesterday , "" said the demon chief . "" thank you for coming , you must dance for us soon . ""","['The second old man came out of his hiding place in the tree.', 'The demon chief recognized the second old man as the one from yesterday.']","['Who is the second old man?', 'Who did the demon chief recognize?']","['the second old man', 'the second old man']","['character', 'action']"
"when the young man reached home his thoughts were all in confusion . and he sat down absent - mindedly like a wooden rooster . now it happened that he had an old servant named molo , who was an extraordinary being . "" what is the trouble , master , "" said he . "" why are you so sad ? do you not want to tell your old slave about it ? "" so the boy told him what had occurred , and also mentioned the signs the girl had made to him in secret .","['The young man was sad and absent-minded when he arrived home.', 'He told his old servant Molo about the encounter with the girl and the secret signs she made to him.']","['What was the young man like when he arrived home?', 'Who is the old servant that He told about his encounter?']","['sad and absent-minded', 'Molo']","['action', 'character']"
"when the youth came to the first princess , she called out to him , and begged him most earnestly to come to her ; but he went on as though he had not seen her . and he passed the next one in the same manner ; but went over to the third . "" if you will do what i tell you to , you shall have whichever one of us you want , "" said she . yes , he would do what she wanted . so she told him that three trolls had wished them into the earth where they were ; but that formerly they had dwelt in the castle he saw on the edge of the forest .","['The youth passed by the first two princesses without stopping.', 'The third princess offered the youth a deal: she would let him choose one of them if he did what she asked.']","['Did the youth stop at any of the first two princesses?', 'What did the third princess ask the youth to do?']","['No', 'do what she asked']","['action', 'action']"
"when their father died , both of them were of age , and not long after they both had to go out to the sand - banks to fetch some fishing - nets , which had been left there since the summer fishing . it was late in the fall , after the time when most fishermen are busy with the summer fishing . andrew had his gun along , which he carried with him wherever he went . john nicholas did not say much while they were underway ; but he thought all the harder . they were not ready to set out for home again until near evening .","['Andrew and John Nicholas had to go out to fetch fishing nets left on the sand-banks.', 'They were not ready to head back home until near evening.']","['What did Andrew and John Nicholas have to go out to fetch?', 'Why were they not ready to head back home until near evening?']","['fishing nets left on the sand-banks', 'near evening']","['action', 'causal relationship']"
"without waiting for the king 's order the cuttlefish had already started for the tai 's dwelling , and he now returned , bringing the tai with him . he led him before the king . the tai sat there looking frightened and ill . he certainly was in pain , for his usually red face was pale , and his eyes were nearly closed and looked but half their usual size . "" answer , o tai ! "" cried the sea king , "" why did you not come in answer to my summons today ? "" "" i have been ill since yesterday , "" answered the tai ; "" that is why i could not come . "" "" do n't say another word ! "" cried out ryn jin angrily . "" your illness is the punishment of the gods for stealing the mikoto 's hook . "" "" it is only too true ! "" said the tai ; "" the hook is still in my throat , and all my efforts to get it out have been useless . i ca n't eat , and i can scarcely breathe , and each moment i feel that it will choke me , and sometimes it gives me great pain . i had no intention of stealing the mikoto 's hook . i heedlessly snapped at the bait which i saw in the water , and the hook came off and stuck in my throat . so i hope you will pardon me . ""","['The tai was summoned by the sea king but did not come, claiming to be ill.', ""Ryn Jin accused the tai of stealing the mikoto's hook and said his illness is a punishment from the gods."", 'The tai explained that he accidentally swallowed the hook while trying to eat bait.']","['Why did the tai not come when summoned by the sea king?', ""Who accused the tai of stealing the mikoto's hook?"", 'What did tai accidentally swallow while trying to eat bait?']","['It claimed to be ill.', 'Ryn Jin', 'the hook']","['outcome resolution', 'action', 'action']"
